Strata,Outcome,Group,Source,Model,Moving Average,Controls(n),Cases(n),Odds Ratio,Lower 95%CI,Upper 95%CI,% increase,% increase Lower 95%CI,% increase Upper 95%CI,AIC,BIC
site_DOW_MONTH_Year,Cardiorespiratory,All,Mineral dust and soil ressuspension,Primary model,1-day moving average,4771,1600,1.3859233063736403,1.3055194582437193,1.4663271545035612,38.59233063736403,30.551945824371927,46.63271545035612,1554.1376847759059,1591.781997133501
site_DOW_MONTH_Year,Cardiorespiratory,All,Aged sea salt,Primary model,1-day moving average,4776,1595,1.0558703690754738,0.9375526773198282,1.1741880608311195,5.5870369075473825,-6.2447322680171835,17.41880608311195,1073.4355318389605,1111.0579349454931
site_DOW_MONTH_Year,Cardiorespiratory,All,Secondary nitrate,Primary model,1-day moving average,4768,1603,0.9928872388629084,0.9442646619389038,1.0415098157869132,-0.7112761137091583,-5.573533806109621,4.150981578691315,1774.9083172369794,1812.5657423052462
site_DOW_MONTH_Year,Cardiorespiratory,All,Fresh sea salt mixed with aged emissions,Primary model,1-day moving average,4754,1617,1.4086050992021897,1.3403564732890436,1.4768537251153357,40.860509920218966,34.03564732890436,47.68537251153357,2366.8066590676185,2404.5249540846585
site_DOW_MONTH_Year,Cardiorespiratory,All,Industrial emissions,Primary model,1-day moving average,4775,1596,2.452787982098943,2.352443698329121,2.553132265868765,145.2787982098943,135.24436983291207,155.3132265868765,1459.6436700874367,1497.270460533505
site_DOW_MONTH_Year,Cardiorespiratory,All,Secondary sulfate,Primary model,1-day moving average,4746,1625,1.1264133212561465,1.0869321081007923,1.1658945344115006,12.641332125614646,8.693210810079233,16.58945344115006,1734.3023032657966,1772.0551449291434
site_DOW_MONTH_Year,Cardiorespiratory,All,"Combustion of biomass, coal and fossil fuels",Primary model,1-day moving average,4725,1646,1.2321793394570686,1.1530926995953916,1.3112659793187456,23.21793394570686,15.309269959539161,31.126597931874556,1620.2418050817614,1658.0845287504205
site_DOW_MONTH_Year,Cardiorespiratory,Male,Mineral dust and soil ressuspension,Sensitivity model,1-day moving average,2630,881,1.3380360683990236,1.2346922183264255,1.4413799184716216,33.80360683990236,23.46922183264255,44.13799184716216,816.9061923524298,850.373595733983
site_DOW_MONTH_Year,Cardiorespiratory,Male,Aged sea salt,Sensitivity model,1-day moving average,2632,879,1.08106695624717,0.9151954400854028,1.2469384724089372,8.106695624716998,-8.480455991459724,24.693847240893717,637.6717139902962,671.1232082740925
site_DOW_MONTH_Year,Cardiorespiratory,Male,Secondary nitrate,Sensitivity model,1-day moving average,2606,905,0.9539069549417167,0.8921664981665277,1.0156474117169056,-4.609304505828327,-10.78335018334723,1.5647411716905646,930.7285650994492,964.3841097053487
site_DOW_MONTH_Year,Cardiorespiratory,Male,Fresh sea salt mixed with aged emissions,Sensitivity model,1-day moving average,2620,891,1.3724734080900687,1.281402989669336,1.4635438265108014,37.24734080900687,28.140298966933596,46.35438265108014,1256.1218407093372,1289.668251701633
site_DOW_MONTH_Year,Cardiorespiratory,Male,Industrial emissions,Sensitivity model,1-day moving average,2624,887,NA,NA,NA,NA,NA,NA,719.8288346073164,719.8288346073164
site_DOW_MONTH_Year,Cardiorespiratory,Male,Secondary sulfate,Sensitivity model,1-day moving average,2617,894,1.1500011433298913,1.0881431626136506,1.211859124046132,15.000114332989135,8.814316261365063,21.185912404613205,881.5168777737755,915.08681819999
site_DOW_MONTH_Year,Cardiorespiratory,Male,"Combustion of biomass, coal and fossil fuels",Sensitivity model,1-day moving average,2622,889,1.139891048470961,1.0691202745569828,1.2106618223849392,13.989104847096101,6.9120274556982775,21.066182238493923,742.7711115560929,776.3017922046903
site_DOW_MONTH_Year,Cardiorespiratory,Female,Mineral dust and soil ressuspension,Sensitivity model,1-day moving average,2145,715,1.4429256431111213,1.322594498781003,1.5632567874412395,44.29256431111212,32.2594498781003,56.325678744123955,661.7815403955711,693.7875181944291
site_DOW_MONTH_Year,Cardiorespiratory,Female,Aged sea salt,Sensitivity model,1-day moving average,2123,737,1.0149429782470911,0.8426462489079333,1.187239707586249,1.494297824709112,-15.735375109206673,18.72397075862491,474.579227934458,506.79734317978335
site_DOW_MONTH_Year,Cardiorespiratory,Female,Secondary nitrate,Sensitivity model,1-day moving average,2135,725,1.0280080084459429,0.9565515625084305,1.099464454383455,2.8008008445942867,-4.344843749156945,9.946445438345508,798.2537589302613,830.356960514244
site_DOW_MONTH_Year,Cardiorespiratory,Female,Fresh sea salt mixed with aged emissions,Sensitivity model,1-day moving average,2132,728,1.4211945505480288,1.320584484408918,1.5218046166871395,42.11945505480288,32.05844844089181,52.18046166871395,973.8396074978425,1005.9717148352194
site_DOW_MONTH_Year,Cardiorespiratory,Female,Industrial emissions,Sensitivity model,1-day moving average,2125,735,5.897206579057119,5.551719698644429,6.24269345946981,489.72065790571196,455.1719698644429,524.2693459469809,568.7213137262199,600.9204072207098
site_DOW_MONTH_Year,Cardiorespiratory,Female,Secondary sulfate,Sensitivity model,1-day moving average,2129,731,1.113973644383174,1.059722524333666,1.168224764432682,11.397364438317403,5.972252433366609,16.822476443268197,750.6989668057075,782.859861023956
site_DOW_MONTH_Year,Cardiorespiratory,Female,"Combustion of biomass, coal and fossil fuels",Sensitivity model,1-day moving average,2141,719,1.21155172627507,1.0930104656480508,1.330092986902089,21.155172627506992,9.301046564805082,33.0092986902089,661.9402263484462,693.9852558524935
site_DOW_MONTH_Year,Respiratory,All,Mineral dust and soil ressuspension,Primary model,1-day moving average,1877,628,1.5000013172295332,1.3706147460586644,1.629387888400402,50.00013172295332,37.06147460586644,62.9387888400402,541.7856628772722,572.8834440425496
site_DOW_MONTH_Year,Respiratory,All,Aged sea salt,Primary model,1-day moving average,1874,631,1.1406120005690679,0.9244402700459475,1.3567837310921882,14.061200056906786,-7.555972995405247,35.67837310921882,403.31021960053425,434.44136063832275
site_DOW_MONTH_Year,Respiratory,All,Secondary nitrate,Primary model,1-day moving average,1877,628,1.0110637440280041,0.9379860217962003,1.084141466259808,1.106374402800414,-6.201397820379972,8.41414662598079,614.5986158588948,645.6963970241723
site_DOW_MONTH_Year,Respiratory,All,Fresh sea salt mixed with aged emissions,Primary model,1-day moving average,1876,629,1.4714993112130237,1.364795112247115,1.5782035101789325,47.149931121302366,36.479511224711494,57.820351017893245,830.0792321025389,861.188150899442
site_DOW_MONTH_Year,Respiratory,All,Industrial emissions,Primary model,1-day moving average,1866,639,4.820766316477179,4.502714401980773,5.138818230973584,382.0766316477179,350.2714401980773,413.8818230973584,508.3231669526268,539.5424981332695
site_DOW_MONTH_Year,Respiratory,All,Secondary sulfate,Primary model,1-day moving average,1854,651,1.1018212588625411,1.041984769267094,1.1616577484579882,10.182125886254113,4.198476926709405,16.16577484579882,597.7942476847087,629.1438151801686
site_DOW_MONTH_Year,Respiratory,All,"Combustion of biomass, coal and fossil fuels",Primary model,1-day moving average,1865,640,1.12222194968702,1.0370634793559679,1.2073804200180722,12.222194968702006,3.7063479355967877,20.738042001807223,513.6975445742568,544.9278218087328
site_DOW_MONTH_Year,Respiratory,Female,Mineral dust and soil ressuspension,Sensitivity model,1-day moving average,840,284,1.2772494822731837,1.1278911435931809,1.4266078209531865,27.724948227318368,12.789114359318088,42.66078209531865,242.42227316152298,267.96509282865145
site_DOW_MONTH_Year,Respiratory,Female,Aged sea salt,Sensitivity model,1-day moving average,839,285,0.990270654542906,0.6673796123316988,1.313161696754113,-0.972934545709403,-33.262038766830116,31.31616967541131,151.94405936361045,177.511483625491
site_DOW_MONTH_Year,Respiratory,Female,Secondary nitrate,Sensitivity model,1-day moving average,839,285,0.9739146369014208,0.8706144676727637,1.077214806130078,-2.608536309857923,-12.938553232723626,7.721480613007792,239.71435354778592,265.2817778096665
site_DOW_MONTH_Year,Respiratory,Female,Fresh sea salt mixed with aged emissions,Sensitivity model,1-day moving average,828,296,1.6560839731888481,1.4707850435130363,1.84138290286466,65.60839731888481,47.07850435130363,84.138290286466,309.893573712885,335.7260898931534
site_DOW_MONTH_Year,Respiratory,Female,Industrial emissions,Sensitivity model,1-day moving average,836,288,11.772468084357108,10.910540594148767,12.634395574565449,1077.2468084357108,991.0540594148766,1163.439557456545,152.2797811910404,177.92050455199202
site_DOW_MONTH_Year,Respiratory,Female,Secondary sulfate,Sensitivity model,1-day moving average,827,297,1.1179251904676695,1.0330952763650172,1.2027551045703218,11.792519046766948,3.309527636501719,20.275510457032176,258.4725965725793,284.3287215441982
site_DOW_MONTH_Year,Respiratory,Female,"Combustion of biomass, coal and fossil fuels",Sensitivity model,1-day moving average,840,284,1.0726405954256613,0.9723039402967575,1.172977250554565,7.264059542566126,-2.7696059703242515,17.297725055456503,188.72033626123616,214.2631559283646
site_DOW_MONTH_Year,Respiratory,Male,Mineral dust and soil ressuspension,Sensitivity model,1-day moving average,1027,354,1.6600020279329935,1.4727969668350924,1.8472070890308945,66.00020279329935,47.27969668350924,84.72070890308945,245.35254383718737,272.4376222291238
site_DOW_MONTH_Year,Respiratory,Male,Aged sea salt,Sensitivity model,1-day moving average,1027,354,1.2815709681300305,0.952171062854344,1.6109708734057169,28.157096813003047,-4.782893714565595,61.09708734057169,161.27889360153387,188.36397199347027
site_DOW_MONTH_Year,Respiratory,Male,Secondary nitrate,Sensitivity model,1-day moving average,1031,350,1.003480196582947,0.9018388388743828,1.1051215542915112,0.34801965829469594,-9.816116112561723,10.512155429151115,323.40948943593463,350.41502151731885
site_DOW_MONTH_Year,Respiratory,Male,Fresh sea salt mixed with aged emissions,Sensitivity model,1-day moving average,1030,351,1.3417602943025029,1.2049177631081405,1.4786028254968653,34.17602943025029,20.491776310814046,47.86028254968653,415.1507303039442,442.17623386820526
site_DOW_MONTH_Year,Respiratory,Male,Industrial emissions,Sensitivity model,1-day moving average,1018,363,3.454645911782839,3.08278523063918,3.8265065929264983,245.4645911782839,208.27852306391802,282.65065929264983,256.2296634665771,283.4904833064311
site_DOW_MONTH_Year,Respiratory,Male,Secondary sulfate,Sensitivity model,1-day moving average,1027,354,1.0645648817187547,0.9814653799441655,1.147664383493344,6.456488171875474,-1.8534620055834505,14.766438349334399,271.7271936262529,298.81227201818933
site_DOW_MONTH_Year,Respiratory,Male,"Combustion of biomass, coal and fossil fuels",Sensitivity model,1-day moving average,1025,356,1.5994494544345563,1.3489159887003914,1.8499829201687212,59.94494544345563,34.89159887003914,84.99829201687213,305.7678774568634,332.8923925728276
site_DOW_MONTH_Year,Circulatory,All,Mineral dust and soil ressuspension,Primary model,1-day moving average,2894,972,1.2998873516969445,1.2006441054224457,1.3991305979714432,29.988735169694447,20.06441054224457,39.91305979714432,908.042658238584,942.198148869807
site_DOW_MONTH_Year,Circulatory,All,Aged sea salt,Primary model,1-day moving average,2887,979,1.0386388516982488,0.8880320038717885,1.189245699524709,3.8638851698248766,-11.19679961282115,18.924569952470893,642.8866205921148,677.0923420898284
site_DOW_MONTH_Year,Circulatory,All,Secondary nitrate,Primary model,1-day moving average,2885,981,0.9730193183979202,0.9084645202273948,1.0375741165684458,-2.698068160207978,-9.153547977260523,3.757411656844578,1030.8930163855985,1065.113023602556
site_DOW_MONTH_Year,Circulatory,All,Fresh sea salt mixed with aged emissions,Primary model,1-day moving average,2878,988,1.3635984030232384,1.2725027836490561,1.4546940223974207,36.359840302323846,27.25027836490561,45.469402239742074,1404.0119345643427,1438.2817134485779
site_DOW_MONTH_Year,Circulatory,All,Industrial emissions,Primary model,1-day moving average,2872,994,3.8969923929386496,3.7453231826212456,4.048661603256054,289.69923929386493,274.5323182621246,304.8661603256054,802.9828052323855,837.2949656789816
site_DOW_MONTH_Year,Circulatory,All,Secondary sulfate,Primary model,1-day moving average,2898,968,1.1483947819796587,1.0948130775115628,1.2019764864477547,14.839478197965871,9.481307751156276,20.19764864477547,953.5736672607945,987.7002918717305
site_DOW_MONTH_Year,Circulatory,All,"Combustion of biomass, coal and fossil fuels",Primary model,1-day moving average,2881,985,1.2327213452874826,1.132270173022476,1.3331725175524891,23.272134528748257,13.227017302247601,33.31725175524891,935.3910298457537,969.6395213339583
site_DOW_MONTH_Year,Circulatory,Female,Mineral dust and soil ressuspension,Sensitivity model,1-day moving average,1297,439,1.373802475774406,1.2190220250613126,1.5285829264874995,37.380247577440606,21.902202506131264,52.85829264874995,385.4946486552928,414.086144546819
site_DOW_MONTH_Year,Circulatory,Female,Aged sea salt,Sensitivity model,1-day moving average,1284,452,1.012922369224507,0.7889422852916637,1.2369024531573505,1.2922369224507069,-21.105771470833634,23.690245315735048,254.58334947870748,283.3791247375331
site_DOW_MONTH_Year,Circulatory,Female,Secondary nitrate,Sensitivity model,1-day moving average,1301,435,1.0649077966497487,0.9657928872664925,1.1640227060330048,6.490779664974866,-3.4207112733507516,16.402270603300483,448.3800998865137,476.90752210413444
site_DOW_MONTH_Year,Circulatory,Female,Fresh sea salt mixed with aged emissions,Sensitivity model,1-day moving average,1298,438,1.336188858651341,1.2068947207649137,1.4654829965377685,33.618885865134104,20.689472076491366,46.54829965377685,567.8017279231246,596.3772602957598
site_DOW_MONTH_Year,Circulatory,Female,Industrial emissions,Sensitivity model,1-day moving average,1280,456,4.602972153960262,4.198518983591236,5.007425324329287,360.29721539602616,319.8518983591236,400.7425324329287,348.55752129576416,377.41497096236486
site_DOW_MONTH_Year,Circulatory,Female,Secondary sulfate,Sensitivity model,1-day moving average,1301,435,1.134342082096435,1.0608849771172753,1.2077991870755946,13.434208209643494,6.088497711727525,20.779918707559464,397.46433269517155,425.9917549127923
site_DOW_MONTH_Year,Circulatory,Female,"Combustion of biomass, coal and fossil fuels",Sensitivity model,1-day moving average,1300,436,1.386635593583884,1.1832465576731175,1.5900246294946507,38.66355935838841,18.324655767311747,59.00246294946507,406.40394188390803,434.94743758735126
site_DOW_MONTH_Year,Circulatory,Male,Mineral dust and soil ressuspension,Sensitivity model,1-day moving average,1593,537,1.2226241980906214,1.1225520779425249,1.322696318238718,22.262419809062138,12.255207794252488,32.26963182387179,465.7404161508941,495.74240281245613
site_DOW_MONTH_Year,Circulatory,Male,Aged sea salt,Sensitivity model,1-day moving average,1588,542,1.0392008882960813,0.830327678296729,1.2480740982954335,3.920088829608126,-16.967232170327094,24.807409829543346,399.9096830968964,429.97654510697396
site_DOW_MONTH_Year,Circulatory,Male,Secondary nitrate,Sensitivity model,1-day moving average,1597,533,0.9111505452314036,0.8331730944080376,0.9891279960547696,-8.88494547685964,-16.682690559196246,-1.0872003945230357,498.2754032642022,528.2250532333632
site_DOW_MONTH_Year,Circulatory,Male,Fresh sea salt mixed with aged emissions,Sensitivity model,1-day moving average,1590,540,1.3406373995642702,1.2172171910049334,1.464057608123607,34.06373995642702,21.721719100493342,46.4057608123607,725.8069460809371,755.8479300578454
site_DOW_MONTH_Year,Circulatory,Male,Industrial emissions,Sensitivity model,1-day moving average,1594,536,7.125854036626147,6.693328810450983,7.558379262801311,612.5854036626147,569.3328810450982,655.8379262801311,384.11299510842355,414.10193423591915
site_DOW_MONTH_Year,Circulatory,Male,Secondary sulfate,Sensitivity model,1-day moving average,1597,533,1.1683182718747178,1.0852371043649884,1.2513994393844472,16.83182718747178,8.523710436498844,25.13994393844472,458.0994319079922,488.0490818771531
site_DOW_MONTH_Year,Circulatory,Male,"Combustion of biomass, coal and fossil fuels",Sensitivity model,1-day moving average,1585,545,1.1412983449014906,1.0555886983046683,1.227007991498313,14.129834490149062,5.558869830466828,22.700799149831298,398.8554380534987,428.9609386161414
site_DOW_MONTH_Year,Cardiorespiratory,All,Mineral dust and soil ressuspension,Primary model,2-day moving average,6481,2225,1.2403779182134729,1.2023421948542232,1.2784136415727225,24.037791821347287,20.234219485422322,27.841364157272253,3249.5275475878566,3289.4801329500588
site_DOW_MONTH_Year,Cardiorespiratory,All,Aged sea salt,Primary model,2-day moving average,6488,2218,1.0816987375993492,0.9949556503461717,1.1684418248525268,8.16987375993492,-0.5044349653828273,16.84418248525268,1737.0883224257582,1777.0188506011305
site_DOW_MONTH_Year,Cardiorespiratory,All,Secondary nitrate,Primary model,2-day moving average,6504,2202,1.0071878982097173,0.9702061698014385,1.044169626617996,0.7187898209717325,-2.979383019856152,4.416962661799606,3171.7300281465796,3211.609877367558
site_DOW_MONTH_Year,Cardiorespiratory,All,Fresh sea salt mixed with aged emissions,Primary model,2-day moving average,6518,2188,1.1425203176304968,1.098969506813173,1.1860711284478205,14.252031763049677,9.896950681317307,18.607112844782048,4114.795400645236,4154.630602790029
site_DOW_MONTH_Year,Cardiorespiratory,All,Industrial emissions,Primary model,2-day moving average,6429,2277,1.3797103815916547,1.3277331105677745,1.4316876526155349,37.971038159165474,32.77331105677745,43.16876526155349,2769.2456860122747,2809.359984474721
site_DOW_MONTH_Year,Cardiorespiratory,All,Secondary sulfate,Primary model,2-day moving average,6508,2198,1.492865440444841,1.440164772986427,1.5455661079032548,49.286544044484096,44.01647729864271,54.55661079032548,3016.8029027424977,3056.670024687243
site_DOW_MONTH_Year,Cardiorespiratory,All,"Combustion of biomass, coal and fossil fuels",Primary model,2-day moving average,6485,2221,1.0149486280575442,0.9820813781602877,1.0478158779548006,1.4948628057544155,-1.7918621839712268,4.781587795480058,3018.8117522916173,3058.7517420588783
site_DOW_MONTH_Year,Cardiorespiratory,Male,Mineral dust and soil ressuspension,Sensitivity model,2-day moving average,3598,1214,1.4419256339691864,1.3779139008569785,1.5059373670813943,44.192563396918636,37.79139008569785,50.593736708139424,1360.125449391328,1395.837181192664
site_DOW_MONTH_Year,Cardiorespiratory,Male,Aged sea salt,Sensitivity model,2-day moving average,3600,1212,1.0724291477357544,0.9557271606471971,1.1891311348243117,7.242914773575437,-4.427283935280291,18.913113482431164,860.465799111888,896.1659892782928
site_DOW_MONTH_Year,Cardiorespiratory,Male,Secondary nitrate,Sensitivity model,2-day moving average,3603,1209,0.9929340241765743,0.9426477422443152,1.0432203061088332,-0.7065975823425719,-5.735225775568475,4.322030610883321,1499.8626522363356,1535.5454941906391
site_DOW_MONTH_Year,Cardiorespiratory,Male,Fresh sea salt mixed with aged emissions,Sensitivity model,2-day moving average,3607,1205,1.135603489591328,1.0796120491842156,1.1915949299984405,13.560348959132806,7.9612049184215605,19.15949299984405,2176.586481083809,2212.246125005282
site_DOW_MONTH_Year,Cardiorespiratory,Male,Industrial emissions,Sensitivity model,2-day moving average,3609,1203,1.326905250070523,1.2603014620423636,1.3935090380986823,32.690525007052294,26.03014620423636,39.35090380986823,1463.2200465342532,1498.868062546076
site_DOW_MONTH_Year,Cardiorespiratory,Male,Secondary sulfate,Sensitivity model,2-day moving average,3587,1225,1.6061016074010444,1.5256790117649537,1.686524203037135,60.61016074010443,52.56790117649537,68.6524203037135,1505.221753223178,1540.9966260840297
site_DOW_MONTH_Year,Cardiorespiratory,Male,"Combustion of biomass, coal and fossil fuels",Sensitivity model,2-day moving average,3600,1212,1.0253009402766278,0.9824659224061606,1.0681359581470948,2.530094027662777,-1.7534077593839403,6.813595814709483,1638.276096039176,1673.976286205581
site_DOW_MONTH_Year,Cardiorespiratory,Female,Mineral dust and soil ressuspension,Sensitivity model,2-day moving average,2918,976,1.2109918126432806,1.1513145260046254,1.2706690992819358,21.09918126432806,15.131452600462536,27.06690992819358,1365.1161574919136,1399.3003955968052
site_DOW_MONTH_Year,Cardiorespiratory,Female,Aged sea salt,Sensitivity model,2-day moving average,2888,1006,1.0911795294681272,0.9654313176763576,1.2169277412598969,9.117952946812725,-3.456868232364241,21.69277412598969,773.1365386724835,807.5327001271013
site_DOW_MONTH_Year,Cardiorespiratory,Female,Secondary nitrate,Sensitivity model,2-day moving average,2919,975,1.0132601361365614,0.9552234551975115,1.0712968170756114,1.3260136136561407,-4.47765448024885,7.129681707561142,1360.8461297717313,1395.0231920687163
site_DOW_MONTH_Year,Cardiorespiratory,Female,Fresh sea salt mixed with aged emissions,Sensitivity model,2-day moving average,2913,981,1.1584889461837886,1.0896465099819217,1.2273313823856555,15.84889461837886,8.96465099819217,22.73313823856555,1721.9586061599437,1756.1786133769012
site_DOW_MONTH_Year,Cardiorespiratory,Female,Industrial emissions,Sensitivity model,2-day moving average,2907,987,1.4463140768725158,1.3631968015745124,1.5294313521705192,44.63140768725158,36.31968015745124,52.94313521705192,1138.6755472155144,1172.9382374915488
site_DOW_MONTH_Year,Cardiorespiratory,Female,Secondary sulfate,Sensitivity model,2-day moving average,2906,988,1.3391703903177024,1.2735128127980926,1.4048279678373121,33.91703903177024,27.351281279809257,40.48279678373121,1380.104131985718,1414.373910869953
site_DOW_MONTH_Year,Cardiorespiratory,Female,"Combustion of biomass, coal and fossil fuels",Sensitivity model,2-day moving average,2916,978,0.9946600377403219,0.9438406127758248,1.045479462704819,-0.5339962259678144,-5.615938722417524,4.547946270481895,1210.0365009119073,1244.235068602151
site_DOW_MONTH_Year,Respiratory,All,Mineral dust and soil ressuspension,Primary model,2-day moving average,2574,880,1.2384175258596386,1.1790117195971734,1.2978233321221038,23.84175258596386,17.901171959717345,29.782333212210375,1226.729153323383,1260.1886066756886
site_DOW_MONTH_Year,Respiratory,All,Aged sea salt,Primary model,2-day moving average,2572,882,1.0886452318129092,0.9592385926137292,1.2180518710120891,8.864523181290917,-4.0761407386270765,21.80518710120891,760.8405941425113,794.3159385345589
site_DOW_MONTH_Year,Respiratory,All,Secondary nitrate,Primary model,2-day moving average,2590,864,1.0200190309759918,0.9632620240451271,1.0767760379068565,2.001903097599178,-3.6737975954872937,7.67760379068565,1074.7594240990543,1108.0904334806826
site_DOW_MONTH_Year,Respiratory,All,Fresh sea salt mixed with aged emissions,Primary model,2-day moving average,2582,872,1.1899937611600258,1.1218756453315384,1.2581118769885131,18.999376116002576,12.18756453315384,25.811187698851313,1471.8585238137512,1505.254049781114
site_DOW_MONTH_Year,Respiratory,All,Industrial emissions,Primary model,2-day moving average,2540,914,1.2733304384893118,1.197857428956257,1.3488034480223667,27.333043848931183,19.785742895625692,34.88034480223667,1057.0944947299506,1090.8193087301297
site_DOW_MONTH_Year,Respiratory,All,Secondary sulfate,Primary model,2-day moving average,2562,892,1.4268823767087175,1.3473132737058118,1.5064514797116233,42.68823767087176,34.73132737058118,50.64514797116233,1098.6060679094735,1132.1603308375336
site_DOW_MONTH_Year,Respiratory,All,"Combustion of biomass, coal and fossil fuels",Primary model,2-day moving average,2589,865,0.9661564698753135,0.917319198261523,1.014993741489104,-3.384353012468655,-8.268080173847704,1.499374148910393,1110.1444902113556,1143.4835967598788
site_DOW_MONTH_Year,Respiratory,Female,Mineral dust and soil ressuspension,Sensitivity model,2-day moving average,1162,394,1.1844106413767053,1.0993660372690357,1.2694552454843748,18.441064137670526,9.93660372690357,26.945524548437483,497.21257831340574,525.0470346784913
site_DOW_MONTH_Year,Respiratory,Female,Aged sea salt,Sensitivity model,2-day moving average,1156,400,1.0226174408524462,0.8335519376319936,1.211682944072899,2.2617440852446213,-16.644806236800637,21.16829440728989,344.7531438781432,372.69339570789907
site_DOW_MONTH_Year,Respiratory,Female,Secondary nitrate,Sensitivity model,2-day moving average,1157,399,0.9642675080023481,0.8772185493237264,1.0513164666809696,-3.573249199765194,-12.278145067627355,5.131646668096956,444.0550897536793,471.9778196719083
site_DOW_MONTH_Year,Respiratory,Female,Fresh sea salt mixed with aged emissions,Sensitivity model,2-day moving average,1152,404,1.3206133573178767,1.2042465841015162,1.4369801305342371,32.061335731787665,20.42465841015162,43.698013053423715,569.5091950210183,597.5190991667463
site_DOW_MONTH_Year,Respiratory,Female,Industrial emissions,Sensitivity model,2-day moving average,1162,394,1.4008998845544924,1.2712534149150676,1.5305463541939173,40.089988455449244,27.12534149150676,53.05463541939173,395.3576597770005,423.19211614208604
site_DOW_MONTH_Year,Respiratory,Female,Secondary sulfate,Sensitivity model,2-day moving average,1160,396,1.3924369991416354,1.2841176444975655,1.5007563537857054,39.24369991416354,28.41176444975655,50.07563537857054,464.9345746157622,492.80447409454354
site_DOW_MONTH_Year,Respiratory,Female,"Combustion of biomass, coal and fossil fuels",Sensitivity model,2-day moving average,1161,395,0.9359831394593457,0.8645939109202536,1.0073723679984379,-6.401686054065426,-13.540608907974638,0.7372367998437879,401.9816491003577,429.83384945466554
site_DOW_MONTH_Year,Respiratory,Male,Mineral dust and soil ressuspension,Sensitivity model,2-day moving average,1412,486,1.2726822862152896,1.1845918507475102,1.360772721683069,27.268228621528955,18.459185074751016,36.0772721683069,608.5198881189749,637.8233484862784
site_DOW_MONTH_Year,Respiratory,Male,Aged sea salt,Sensitivity model,2-day moving average,1416,482,1.1598582421347445,0.9740758478080267,1.3456406364614624,15.985824213474453,-2.5924152191973304,34.56406364614624,323.9710146996027,353.2166234979569
site_DOW_MONTH_Year,Respiratory,Male,Secondary nitrate,Sensitivity model,2-day moving average,1419,479,1.0470233176175296,0.9693707331705533,1.1246759020645059,4.702331761752965,-3.0629266829446666,12.467590206450584,522.3416010200044,551.5435052018807
site_DOW_MONTH_Year,Respiratory,Male,Fresh sea salt mixed with aged emissions,Sensitivity model,2-day moving average,1420,478,1.0929367296090897,1.0079941082567643,1.1778793509614152,9.293672960908971,0.7994108256764276,17.787935096141517,736.2189591073342,765.4062342347744
site_DOW_MONTH_Year,Respiratory,Male,Industrial emissions,Sensitivity model,2-day moving average,1403,495,1.1699952394826254,1.0768551723306528,1.263135306634598,16.999523948262542,7.6855172330652755,26.313530663459805,529.5955052088834,559.0274095468643
site_DOW_MONTH_Year,Respiratory,Male,Secondary sulfate,Sensitivity model,2-day moving average,1422,476,1.2849283610393332,1.1780424399105125,1.3918142821681538,28.492836103933318,17.80424399105125,39.181428216815384,525.6905488175616,554.8484737971816
site_DOW_MONTH_Year,Respiratory,Male,"Combustion of biomass, coal and fossil fuels",Sensitivity model,2-day moving average,1413,485,1.024508165698818,0.9532009046586265,1.0958154267390094,2.4508165698817974,-4.67990953413735,9.581542673900945,634.8455534387415,664.1345956753039
site_DOW_MONTH_Year,Circulatory,All,Mineral dust and soil ressuspension,Primary model,2-day moving average,3907,1345,1.2364363959724494,1.1858896342573058,1.286983157687593,23.643639597244935,18.588963425730576,28.698315768759297,1822.4911138843602,1858.9201589286117
site_DOW_MONTH_Year,Circulatory,All,Aged sea salt,Primary model,2-day moving average,3925,1327,1.2730548368346761,1.144237737471559,1.4018719361977932,27.305483683467614,14.42377374715591,40.187193619779315,966.7475613820993,1003.0822936224248
site_DOW_MONTH_Year,Circulatory,All,Secondary nitrate,Primary model,2-day moving average,3927,1325,0.9882804619089116,0.9388110976617732,1.03774982615605,-1.1719538091088388,-6.1188902338226825,3.774982615605005,1872.211441785172,1908.5356159541143
site_DOW_MONTH_Year,Circulatory,All,Fresh sea salt mixed with aged emissions,Primary model,2-day moving average,3916,1336,1.1055802434134905,1.0478747550267382,1.1632857318002428,10.558024341349048,4.787475502673821,16.328573180024275,2433.9724730511703,2470.3545205298465
site_DOW_MONTH_Year,Circulatory,All,Industrial emissions,Primary model,2-day moving average,3889,1363,1.4660221815518546,1.393921378987283,1.5381229841164261,46.60221815518546,39.39213789872831,53.812298411642615,1539.3621678080885,1575.8842718299643
site_DOW_MONTH_Year,Circulatory,All,Secondary sulfate,Primary model,2-day moving average,3924,1328,1.4134595834029668,1.3479994052218174,1.4789197615841163,41.34595834029668,34.799940522181736,47.89197615841163,1796.0273692937108,1832.3673746039653
site_DOW_MONTH_Year,Circulatory,All,"Combustion of biomass, coal and fossil fuels",Primary model,2-day moving average,3914,1338,1.0544345672539386,1.0097877198774996,1.0990814146303776,5.443456725393858,0.9787719877499601,9.908141463037756,1716.0165239196579,1752.409042604475
site_DOW_MONTH_Year,Circulatory,Female,Mineral dust and soil ressuspension,Sensitivity model,2-day moving average,1751,587,1.2172150294221118,1.1347430631230746,1.299686995721149,21.72150294221118,13.47430631230746,29.9686995721149,733.3213424697229,763.9465162085196
site_DOW_MONTH_Year,Circulatory,Female,Aged sea salt,Sensitivity model,2-day moving average,1729,609,1.2864316174111123,1.0952682548417867,1.477594979980438,28.643161741111236,9.52682548417867,47.7594979980438,389.2719133691719,420.15464124314116
site_DOW_MONTH_Year,Circulatory,Female,Secondary nitrate,Sensitivity model,2-day moving average,1751,587,1.0292793365344617,0.9507695568280363,1.107789116240887,2.9279336534461686,-4.923044317196368,10.778911624088705,786.5907134238713,817.215887162668
site_DOW_MONTH_Year,Circulatory,Female,Fresh sea salt mixed with aged emissions,Sensitivity model,2-day moving average,1752,586,1.0552881795918607,0.9657775044936985,1.144798854690023,5.528817959186072,-3.422249550630152,14.479885469002296,995.9378720397582,1026.5511105667972
site_DOW_MONTH_Year,Circulatory,Female,Industrial emissions,Sensitivity model,2-day moving average,1729,609,1.5042091208470192,1.3744161198289695,1.6340021218650689,50.42091208470192,37.44161198289695,63.40021218650689,636.4607987748384,667.3435266488077
site_DOW_MONTH_Year,Circulatory,Female,Secondary sulfate,Sensitivity model,2-day moving average,1750,588,1.2708248105357625,1.1906830887657072,1.3509665323058178,27.082481053576245,19.06830887657072,35.09665323058178,769.4412931929714,800.0783818282619
site_DOW_MONTH_Year,Circulatory,Female,"Combustion of biomass, coal and fossil fuels",Sensitivity model,2-day moving average,1744,594,1.1022555167860335,1.0218924603690815,1.1826185732029855,10.22555167860335,2.1892460369081546,18.261857320298546,755.6052924164122,786.3134476519507
site_DOW_MONTH_Year,Circulatory,Male,Mineral dust and soil ressuspension,Sensitivity model,2-day moving average,2184,730,1.448668896293048,1.3619124662738806,1.5354253263122155,44.86688962930481,36.19124662738806,53.54253263122155,730.3281905543313,762.4795022933283
site_DOW_MONTH_Year,Circulatory,Male,Aged sea salt,Sensitivity model,2-day moving average,2170,744,1.0331231485134174,0.8859316918619331,1.1803146051649016,3.3123148513417355,-11.406830813806689,18.03146051649016,524.0760108973764,556.360298141208
site_DOW_MONTH_Year,Circulatory,Male,Secondary nitrate,Sensitivity model,2-day moving average,2185,729,0.9293674751521335,0.8615598635728657,0.9971750867314012,-7.063252484786653,-13.844013642713426,-0.28249132685987943,852.7692288138744,884.910944937935
site_DOW_MONTH_Year,Circulatory,Male,Fresh sea salt mixed with aged emissions,Sensitivity model,2-day moving average,2178,736,1.13840383941066,1.0633646140124628,1.213443064808857,13.840383941065992,6.336461401246285,21.3443064808857,1264.7685251999594,1296.9771360310615
site_DOW_MONTH_Year,Circulatory,Male,Industrial emissions,Sensitivity model,2-day moving average,2165,749,1.4384118289693861,1.3423479735710384,1.5344756843677338,43.84118289693861,34.234797357103844,53.44756843677339,783.5513743334243,815.8825472180448
site_DOW_MONTH_Year,Circulatory,Male,Secondary sulfate,Sensitivity model,2-day moving average,2185,729,1.6164210292988168,1.5063852132361555,1.7264568453614781,61.64210292988168,50.63852132361555,72.64568453614781,823.0826504984591,855.2243666225197
site_DOW_MONTH_Year,Circulatory,Male,"Combustion of biomass, coal and fossil fuels",Sensitivity model,2-day moving average,2163,751,1.0647100444373474,1.008536375490135,1.1208837133845597,6.47100444373474,0.8536375490135084,12.088371338455971,905.7411223777988,938.0909619401477
site_DOW_MONTH_Year,Cardiorespiratory,All,Mineral dust and soil ressuspension,Primary model,3-day moving average,7937,2687,1.3431141516402625,1.3041824373533049,1.3820458659272201,34.31141516402625,30.418243735330485,38.20458659272201,4114.550749255079,4155.824013515387
site_DOW_MONTH_Year,Cardiorespiratory,All,Aged sea salt,Primary model,3-day moving average,7941,2683,1.6347785108310389,1.5587948174049455,1.7107622042571322,63.477851083103886,55.879481740494555,71.07622042571322,2532.9772235544165,2574.240059507396
site_DOW_MONTH_Year,Cardiorespiratory,All,Secondary nitrate,Primary model,3-day moving average,7963,2661,1.008981079532466,0.9773062600477398,1.0406558990171924,0.8981079532466074,-2.2693739952260206,4.065589901719235,4528.43573872466,4569.640939621504
site_DOW_MONTH_Year,Cardiorespiratory,All,Fresh sea salt mixed with aged emissions,Primary model,3-day moving average,7965,2659,1.1042368961824933,1.0708362907770301,1.1376375015879565,10.423689618249332,7.083629077703013,13.763750158795652,5762.783736970065,5803.983674708766
site_DOW_MONTH_Year,Cardiorespiratory,All,Industrial emissions,Primary model,3-day moving average,7960,2664,1.1619834168580363,1.1242064609315938,1.1997603727844788,16.19834168580363,12.420646093159382,19.976037278447876,4013.985363764309,4055.198451985931
site_DOW_MONTH_Year,Cardiorespiratory,All,Secondary sulfate,Primary model,3-day moving average,7954,2670,1.3830051351011827,1.3419627251517767,1.4240475450505887,38.30051351011827,34.196272515177675,42.404754505058875,4968.661978018117,5009.890814277877
site_DOW_MONTH_Year,Cardiorespiratory,All,"Combustion of biomass, coal and fossil fuels",Primary model,3-day moving average,7950,2674,1.024698043792337,0.9968339938269767,1.0525620937576972,2.4698043792336977,-0.3166006173023317,5.256209375769716,4819.633863124781,4860.873178428414
site_DOW_MONTH_Year,Cardiorespiratory,Male,Mineral dust and soil ressuspension,Sensitivity model,3-day moving average,4349,1460,1.3515177833700216,1.2997784510444272,1.403257115695616,35.151778337002156,29.977845104442725,40.3257115695616,2131.5326684952715,2168.5360104981883
site_DOW_MONTH_Year,Cardiorespiratory,Male,Aged sea salt,Sensitivity model,3-day moving average,4354,1455,1.5744239143896557,1.472800390220895,1.6760474385584163,57.442391438965565,47.280039022089504,67.60474385584163,1322.4851389026512,1359.4644671598903
site_DOW_MONTH_Year,Cardiorespiratory,Male,Secondary nitrate,Sensitivity model,3-day moving average,4355,1454,1.0227661367589904,0.9804404003405818,1.065091873177399,2.276613675899042,-1.9559599659418225,6.509187317739906,2366.690391373444,2403.6649069800983
site_DOW_MONTH_Year,Cardiorespiratory,Male,Fresh sea salt mixed with aged emissions,Sensitivity model,3-day moving average,4330,1479,1.110146210570781,1.0654549604551922,1.1548374606863696,11.014621057078088,6.545496045519217,15.483746068636961,3021.099011678677,3058.1928619176524
site_DOW_MONTH_Year,Cardiorespiratory,Male,Industrial emissions,Sensitivity model,3-day moving average,4348,1461,1.1555707728704687,1.1044688473729491,1.2066726983679883,15.557077287046873,10.446884737294916,20.66726983679883,2086.615932189512,2123.624067071767
site_DOW_MONTH_Year,Cardiorespiratory,Male,Secondary sulfate,Sensitivity model,3-day moving average,4316,1493,1.5127134311048154,1.4527739566597475,1.5726529055498832,51.27134311048154,45.27739566597475,57.265290554988326,2532.6782072401193,2569.8380068228935
site_DOW_MONTH_Year,Cardiorespiratory,Male,"Combustion of biomass, coal and fossil fuels",Sensitivity model,3-day moving average,4330,1479,1.045011096617411,1.00788598803319,1.0821362052016321,4.5011096617411095,0.7885988033190072,8.21362052016321,2567.9343000985577,2605.028150337533
site_DOW_MONTH_Year,Cardiorespiratory,Female,Mineral dust and soil ressuspension,Sensitivity model,3-day moving average,3592,1223,1.2309411387509144,1.1789637401586386,1.2829185373431902,23.094113875091438,17.89637401586386,28.291853734319016,1929.2716111378093,1965.0350460876195
site_DOW_MONTH_Year,Cardiorespiratory,Female,Aged sea salt,Sensitivity model,3-day moving average,3587,1228,1.6236430275614284,1.5118622336245005,1.7354238214983564,62.36430275614284,51.18622336245004,73.54238214983565,1074.319005876887,1110.1110006378367
site_DOW_MONTH_Year,Cardiorespiratory,Female,Secondary nitrate,Sensitivity model,3-day moving average,3603,1212,1.0154534857286917,0.9683722527685764,1.0625347186888068,1.5453485728691652,-3.1627747231423586,6.253471868880678,2019.2284508212629,2054.9286409876677
site_DOW_MONTH_Year,Cardiorespiratory,Female,Fresh sea salt mixed with aged emissions,Sensitivity model,3-day moving average,3589,1226,1.1082422820209177,1.0555131012196342,1.1609714628222012,10.824228202091767,5.551310121963415,16.09714628222012,2511.7563755010397,2547.5369603165127
site_DOW_MONTH_Year,Cardiorespiratory,Female,Industrial emissions,Sensitivity model,3-day moving average,3602,1213,1.160414326187595,1.1037796111791565,1.2170490411960335,16.0414326187595,10.377961117915646,21.704904119603352,1728.6156082990422,1764.3215716616505
site_DOW_MONTH_Year,Cardiorespiratory,Female,Secondary sulfate,Sensitivity model,3-day moving average,3591,1224,1.3520576870590526,1.2947174735202664,1.4093979005978388,35.20576870590526,29.471747352026647,40.939790059783874,2111.22986852117,2146.9990247626756
site_DOW_MONTH_Year,Cardiorespiratory,Female,"Combustion of biomass, coal and fossil fuels",Sensitivity model,3-day moving average,3563,1252,1.0430316138313547,0.9996497387789215,1.086413488883788,4.303161383135468,-0.03502612210785072,8.641348888378797,2119.840694400835,2155.7681772624555
site_DOW_MONTH_Year,Respiratory,All,Mineral dust and soil ressuspension,Primary model,3-day moving average,3166,1062,1.3428190446686683,1.2838107185732854,1.4018273707640512,34.281904466866834,28.381071857328543,40.18273707640512,1577.6125728507473,1612.3879372633605
site_DOW_MONTH_Year,Respiratory,All,Aged sea salt,Primary model,3-day moving average,3158,1070,1.4692406018779032,1.3600204040206958,1.5784607997351106,46.92406018779032,36.00204040206958,57.84607997351105,967.0145556748101,1001.8424531670018
site_DOW_MONTH_Year,Respiratory,All,Secondary nitrate,Primary model,3-day moving average,3157,1071,1.02056291692926,0.9722494246350109,1.0688764092235092,2.0562916929260044,-2.775057536498915,6.887640922350924,1674.0296524535709,1708.8640889467051
site_DOW_MONTH_Year,Respiratory,All,Fresh sea salt mixed with aged emissions,Primary model,3-day moving average,3168,1060,1.1365397025284232,1.0844505766756025,1.1886288283812438,13.653970252842317,8.445057667560253,18.862882838124385,2164.0041157198802,2198.766285029623
site_DOW_MONTH_Year,Respiratory,All,Industrial emissions,Primary model,3-day moving average,3149,1079,1.1124161755544022,1.0517453135645598,1.1730870375442446,11.24161755544022,5.17453135645598,17.30870375442446,1444.5492735354708,1479.4358032922778
site_DOW_MONTH_Year,Respiratory,All,Secondary sulfate,Primary model,3-day moving average,3149,1079,1.3085450475014002,1.2499698005407591,1.3671202944620413,30.854504750140023,24.996980054075912,36.71202944620413,1922.0322667026883,1956.9187964594953
site_DOW_MONTH_Year,Respiratory,All,"Combustion of biomass, coal and fossil fuels",Primary model,3-day moving average,3170,1058,0.9879615869301422,0.9458970486813931,1.0300261251788914,-1.2038413069857756,-5.410295131860687,3.002612517889136,1841.5254758870742,1876.2744251740019
site_DOW_MONTH_Year,Respiratory,Female,Mineral dust and soil ressuspension,Sensitivity model,3-day moving average,1442,489,1.2817038440709088,1.1963999147158881,1.3670077734259294,28.170384407090875,19.639991471588814,36.700777342592936,629.6372012430438,658.9837386693679
site_DOW_MONTH_Year,Respiratory,Female,Aged sea salt,Sensitivity model,3-day moving average,1447,484,1.371423534072092,1.2096356669044757,1.5332114012397082,37.14235340720919,20.963566690447564,53.32114012397082,403.02873212180157,432.303326468818
site_DOW_MONTH_Year,Respiratory,Female,Secondary nitrate,Sensitivity model,3-day moving average,1443,488,1.006413984490262,0.934166452843378,1.078661516137146,0.6413984490261981,-6.583354715662204,7.8661516137146,642.3193537306511,671.6515615716231
site_DOW_MONTH_Year,Respiratory,Female,Fresh sea salt mixed with aged emissions,Sensitivity model,3-day moving average,1429,502,1.1805514174544827,1.0952675125311238,1.2658353223778416,18.055141745448267,9.526751253112376,26.58353223778416,904.4740534535155,934.0042542913576
site_DOW_MONTH_Year,Respiratory,Female,Industrial emissions,Sensitivity model,3-day moving average,1444,487,1.1515063140467576,1.0534583880023582,1.249554240091157,15.150631404675764,5.345838800235825,24.955424009115703,550.5938215901093,579.9116704516874
site_DOW_MONTH_Year,Respiratory,Female,Secondary sulfate,Sensitivity model,3-day moving average,1434,497,1.3325865447622156,1.2449409036609285,1.4202321858635027,33.25865447622156,24.49409036609285,42.023218586350275,760.5022861701326,789.962416352809
site_DOW_MONTH_Year,Respiratory,Female,"Combustion of biomass, coal and fossil fuels",Sensitivity model,3-day moving average,1443,488,0.9618056546695226,0.8992949453767012,1.024316363962344,-3.8194345330477386,-10.070505462329882,2.4316363962344045,727.3285848473824,756.6607926883545
site_DOW_MONTH_Year,Respiratory,Male,Mineral dust and soil ressuspension,Sensitivity model,3-day moving average,1722,575,1.3954959963728586,1.3106089552657019,1.4803830374800153,39.54959963728586,31.060895526570185,48.03830374800153,788.8257351957469,819.3063254813284
site_DOW_MONTH_Year,Respiratory,Male,Aged sea salt,Sensitivity model,3-day moving average,1721,576,1.4359665039183702,1.2912625602242116,1.5806704476125288,43.596650391837024,29.12625602242116,58.06704476125289,451.53381558378396,482.0265692086552
site_DOW_MONTH_Year,Respiratory,Male,Secondary nitrate,Sensitivity model,3-day moving average,1701,596,1.0178826348094199,0.952272396007752,1.0834928736110876,1.7882634809419873,-4.772760399224795,8.34928736110876,841.1205055679194,871.8521902373768
site_DOW_MONTH_Year,Respiratory,Male,Fresh sea salt mixed with aged emissions,Sensitivity model,3-day moving average,1715,582,1.1012881515697077,1.032081402405945,1.1704949007334704,10.128815156970772,3.2081402405945036,17.04949007334704,1034.776157239242,1065.341450373362
site_DOW_MONTH_Year,Respiratory,Male,Industrial emissions,Sensitivity model,3-day moving average,1720,577,1.0802169464058933,0.9982719844663445,1.1621619083454422,8.021694640589327,-0.17280155336555358,16.21619083454422,729.8460111515157,760.3509070170724
site_DOW_MONTH_Year,Respiratory,Male,Secondary sulfate,Sensitivity model,3-day moving average,1715,582,1.2700420981962783,1.1919268214024503,1.3481573749901063,27.00420981962783,19.192682140245033,34.81573749901064,969.5061681454899,1000.07146127961
site_DOW_MONTH_Year,Respiratory,Male,"Combustion of biomass, coal and fossil fuels",Sensitivity model,3-day moving average,1715,582,1.0260351237361294,0.9682817685434812,1.0837884789287775,2.6035123736129373,-3.1718231456518753,8.37884789287775,973.0938014646194,1003.6590945987396
site_DOW_MONTH_Year,Circulatory,All,Mineral dust and soil ressuspension,Primary model,3-day moving average,4784,1612,1.3537792835720313,1.2995415435581719,1.4080170235858906,35.377928357203125,29.954154355817188,40.80170235858907,2289.3964451665647,2327.0930616280307
site_DOW_MONTH_Year,Circulatory,All,Aged sea salt,Primary model,3-day moving average,4775,1621,1.5405038954271129,1.4361940712473378,1.644813719606888,54.05038954271129,43.619407124733776,64.48137196068879,1448.2968388310724,1486.032428483222
site_DOW_MONTH_Year,Circulatory,All,Secondary nitrate,Primary model,3-day moving average,4750,1646,0.9972135826192405,0.9550148497501416,1.0394123154883395,-0.2786417380759465,-4.4985150249858386,3.9412315488339456,2806.30640831769,2844.149131986349
site_DOW_MONTH_Year,Circulatory,All,Fresh sea salt mixed with aged emissions,Primary model,3-day moving average,4791,1605,1.0775440841899133,1.0325745093469367,1.12251365903289,7.754408418991332,3.257450934693673,12.251365903288992,3316.3180626596736,3353.9842159086224
site_DOW_MONTH_Year,Circulatory,All,Industrial emissions,Primary model,3-day moving average,4758,1638,1.1753382410758078,1.1261501895273145,1.224526292624301,17.533824107580777,12.61501895273145,22.4526292624301,2292.7265082155054,2330.5351270663964
site_DOW_MONTH_Year,Circulatory,All,Secondary sulfate,Primary model,3-day moving average,4762,1634,1.5261619721588224,1.467531613633414,1.5847923306842309,52.616197215882245,46.7531613633414,58.479233068423085,2686.4685142415806,2724.26001816952
site_DOW_MONTH_Year,Circulatory,All,"Combustion of biomass, coal and fossil fuels",Primary model,3-day moving average,4780,1616,1.0569572413281374,1.018845009633657,1.0950694730226178,5.69572413281374,1.8845009633656984,9.506947302261782,2695.0005004190984,2732.7144650926657
site_DOW_MONTH_Year,Circulatory,Female,Mineral dust and soil ressuspension,Sensitivity model,3-day moving average,2161,723,1.2392991878237896,1.1674230676183022,1.311175308029277,23.929918782378955,16.742306761830218,31.117530802927696,1050.1829421641023,1082.2668067192137
site_DOW_MONTH_Year,Circulatory,Female,Aged sea salt,Sensitivity model,3-day moving average,2144,740,1.5573990107493434,1.4075154346844458,1.707282586814241,55.73990107493434,40.75154346844458,70.7282586814241,569.2628181366797,601.5093694400672
site_DOW_MONTH_Year,Circulatory,Female,Secondary nitrate,Sensitivity model,3-day moving average,2159,725,1.0210921490372948,0.9570531306789882,1.0851311673956014,2.109214903729484,-4.294686932101177,8.513116739560145,1105.5890527441318,1137.6922543281146
site_DOW_MONTH_Year,Circulatory,Female,Fresh sea salt mixed with aged emissions,Sensitivity model,3-day moving average,2160,724,1.063995683827747,0.9945896637645784,1.1334017038909154,6.39956838277469,-0.5410336235421642,13.340170389091544,1390.5967274239802,1422.6902671706803
site_DOW_MONTH_Year,Circulatory,Female,Industrial emissions,Sensitivity model,3-day moving average,2158,726,1.1281799318849928,1.0522247709813302,1.2041350927886554,12.817993188499276,5.222477098133016,20.41350927886554,953.3442910887842,985.4571411925577
site_DOW_MONTH_Year,Circulatory,Female,Secondary sulfate,Sensitivity model,3-day moving average,2160,724,1.3207754810910215,1.2480284541756033,1.3935225080064397,32.07754810910215,24.802845417560327,39.35225080064397,1135.9388351754853,1168.0323749221855
site_DOW_MONTH_Year,Circulatory,Female,"Combustion of biomass, coal and fossil fuels",Sensitivity model,3-day moving average,2150,734,1.0720422869871045,1.0113070646335545,1.1327775093406545,7.2042286987104465,1.1307064633554464,13.277750934065446,1154.0044663252409,1186.1940295255424
site_DOW_MONTH_Year,Circulatory,Male,Mineral dust and soil ressuspension,Sensitivity model,3-day moving average,2627,885,1.3840042230196503,1.31017033828259,1.4578381077567106,38.40042230196503,31.017033828259,45.783810775671064,1127.614785115334,1161.1138986303895
site_DOW_MONTH_Year,Circulatory,Male,Aged sea salt,Sensitivity model,3-day moving average,2631,881,1.4496219611971546,1.3058191872866212,1.593424735107688,44.96219611971546,30.581918728662117,59.3424735107688,766.2278483338354,799.6952517153886
site_DOW_MONTH_Year,Circulatory,Male,Secondary nitrate,Sensitivity model,3-day moving average,2632,880,0.9984200795220968,0.9384467667708642,1.0583933922733293,-0.15799204779032294,-6.155323322913575,5.839339227332929,1283.977276909484,1317.4367302617898
site_DOW_MONTH_Year,Circulatory,Male,Fresh sea salt mixed with aged emissions,Sensitivity model,3-day moving average,2615,897,1.101556191176026,1.040109006774071,1.1630033755779812,10.15561911760261,4.010900677407103,16.300337557798116,1727.0604340243933,1760.6538250588048
site_DOW_MONTH_Year,Circulatory,Male,Industrial emissions,Sensitivity model,3-day moving average,2634,878,1.179409350639317,1.1112627129642998,1.2475559883143343,17.940935063931708,11.12627129642998,24.755598831433435,1151.1312088916923,1184.5747350471381
site_DOW_MONTH_Year,Circulatory,Male,Secondary sulfate,Sensitivity model,3-day moving average,2627,885,1.5741371261411776,1.4915324207937908,1.6567418314885645,57.41371261411776,49.153242079379076,65.67418314885644,1350.6314773923978,1384.1305909074533
site_DOW_MONTH_Year,Circulatory,Male,"Combustion of biomass, coal and fossil fuels",Sensitivity model,3-day moving average,2624,888,1.0701589015354087,1.0197388910509444,1.120578912019873,7.015890153540871,1.9738891050944396,12.057891201987303,1380.7720218791096,1414.2948240800547
site_DOW_MONTH_Year,Cardiorespiratory,All,Mineral dust and soil ressuspension,Primary model,4-day moving average,8943,3030,1.3602489558340838,1.3229329643090193,1.3975649473591483,36.02489558340838,32.29329643090193,39.75649473591483,4957.563947012022,4999.6781723015465
site_DOW_MONTH_Year,Cardiorespiratory,All,Aged sea salt,Primary model,4-day moving average,8943,3030,1.4162681088738895,1.3580392198058517,1.4744969979419273,41.626810887388956,35.80392198058517,47.44969979419273,3776.701861847234,3818.8160871367577
site_DOW_MONTH_Year,Cardiorespiratory,All,Secondary nitrate,Primary model,4-day moving average,8929,3044,0.9979850967663022,0.9679926258681044,1.0279775676645,-0.20149032336977957,-3.2007374131895583,2.797756766449999,6041.897796192154,6084.044290225025
site_DOW_MONTH_Year,Cardiorespiratory,All,Fresh sea salt mixed with aged emissions,Primary model,4-day moving average,8903,3070,1.093590259796097,1.0622670233037945,1.1249134962883993,9.359025979609692,6.226702330379452,12.49134962883993,7292.363619956922,7334.569649840991
site_DOW_MONTH_Year,Cardiorespiratory,All,Industrial emissions,Primary model,4-day moving average,8904,3069,1.1795766812144146,1.143416737385648,1.2157366250431811,17.95766812144146,14.341673738564808,21.573662504318115,5190.99930801275,5233.203057395088
site_DOW_MONTH_Year,Cardiorespiratory,All,Secondary sulfate,Primary model,4-day moving average,8962,3011,1.393421796434147,1.3578636131224922,1.428979979745802,39.34217964341471,35.78636131224921,42.89799797458021,6204.732895628872,6246.8030883282445
site_DOW_MONTH_Year,Cardiorespiratory,All,"Combustion of biomass, coal and fossil fuels",Primary model,4-day moving average,8901,3072,1.0520673477970743,1.0241470019052146,1.079987693688934,5.206734779707434,2.414700190521457,7.99876936889341,6085.3814174358095,6127.592006095682
site_DOW_MONTH_Year,Cardiorespiratory,Male,Mineral dust and soil ressuspension,Sensitivity model,4-day moving average,4882,1634,1.3123849025234549,1.2648989190390254,1.3598708860078843,31.238490252345485,26.48989190390254,35.98708860078843,2614.093142195693,2651.8846461236326
site_DOW_MONTH_Year,Cardiorespiratory,Male,Aged sea salt,Sensitivity model,4-day moving average,4878,1638,1.378545692265891,1.2996216361216186,1.4574697484101633,37.8545692265891,29.962163612161863,45.74697484101633,1964.1573370754074,2001.9659559262986
site_DOW_MONTH_Year,Cardiorespiratory,Male,Secondary nitrate,Sensitivity model,4-day moving average,4840,1676,1.0134880216311586,0.9729876579514735,1.0539883853108436,1.3488021631158587,-2.701234204852654,5.39883853108436,3231.378731847648,3269.347888814942
site_DOW_MONTH_Year,Cardiorespiratory,Male,Fresh sea salt mixed with aged emissions,Sensitivity model,4-day moving average,4844,1672,1.0961413702816336,1.0537285479062708,1.1385541926569964,9.614137028163361,5.37285479062708,13.855419265699641,3790.584459069891,3828.5368896254035
site_DOW_MONTH_Year,Cardiorespiratory,Male,Industrial emissions,Sensitivity model,4-day moving average,4828,1688,1.1874224128097983,1.1372990635490559,1.2375457620705408,18.742241280979833,13.729906354905586,23.75457620705408,2669.925925839834,2707.945023565925
site_DOW_MONTH_Year,Cardiorespiratory,Male,Secondary sulfate,Sensitivity model,4-day moving average,4847,1669,1.471758712032651,1.421622747061027,1.521894677004275,47.175871203265096,42.1622747061027,52.18946770042749,3159.1395569465226,3197.0794164121553
site_DOW_MONTH_Year,Cardiorespiratory,Male,"Combustion of biomass, coal and fossil fuels",Sensitivity model,4-day moving average,4835,1681,1.0661077080812562,1.0280964566637,1.1041189594988123,6.610770808125621,2.8096456663700087,10.411895949881234,3177.1743803424106,3215.164389276271
site_DOW_MONTH_Year,Cardiorespiratory,Female,Mineral dust and soil ressuspension,Sensitivity model,4-day moving average,4086,1371,1.3547724473315554,1.2992714190457206,1.4102734756173902,35.477244733155544,29.927141904572064,41.02734756173903,2163.1319461457433,2199.6950159026796
site_DOW_MONTH_Year,Cardiorespiratory,Female,Aged sea salt,Sensitivity model,4-day moving average,4081,1376,1.4221044174321755,1.337769499492066,1.5064393353722851,42.21044174321755,33.77694994920659,50.64393353722851,1651.106752585523,1687.6953047149761
site_DOW_MONTH_Year,Cardiorespiratory,Female,Secondary nitrate,Sensitivity model,4-day moving average,4091,1366,0.9901047150470729,0.9457145767060643,1.0344948533880813,-0.989528495292713,-5.42854232939357,3.4494853388081337,2658.0269027157055,2694.564396996621
site_DOW_MONTH_Year,Cardiorespiratory,Female,Fresh sea salt mixed with aged emissions,Sensitivity model,4-day moving average,4059,1398,1.087952950299796,1.0414210804737456,1.1344848201258464,8.795295029979599,4.14210804737456,13.44848201258464,3191.8798773706367,3228.579462830193
site_DOW_MONTH_Year,Cardiorespiratory,Female,Industrial emissions,Sensitivity model,4-day moving average,4076,1381,1.1675059560371202,1.1146926406442152,1.220319271430025,16.750595603712014,11.469264064421525,22.031927143002505,2282.8971799440646,2319.5111220179297
site_DOW_MONTH_Year,Cardiorespiratory,Female,Secondary sulfate,Sensitivity model,4-day moving average,4068,1389,1.415884591055723,1.362365830142202,1.469403351969244,41.5884591055723,36.236583014220194,46.9403351969244,2681.2589576490263,2717.913333048307
site_DOW_MONTH_Year,Cardiorespiratory,Female,"Combustion of biomass, coal and fossil fuels",Sensitivity model,4-day moving average,4066,1391,1.0427941925201878,1.0009495258488703,1.0846388591915053,4.279419252018779,0.0949525848870314,8.463885919150528,2621.735538407123,2658.399985750587
site_DOW_MONTH_Year,Respiratory,All,Mineral dust and soil ressuspension,Primary model,4-day moving average,3589,1210,1.4082517220510253,1.3487782524061631,1.4677251916958876,40.82517220510253,34.87782524061631,46.772519169588755,1847.1664555207897,1882.8550849909252
site_DOW_MONTH_Year,Respiratory,All,Aged sea salt,Primary model,4-day moving average,3583,1216,1.3309158861868318,1.2445058289207147,1.4173259434529488,33.091588618683176,24.45058289207147,41.732594345294885,1572.5249253118925,1608.2481797495752
site_DOW_MONTH_Year,Respiratory,All,Secondary nitrate,Primary model,4-day moving average,3598,1201,0.9700307113239701,0.9238440340775762,1.016217388570364,-2.996928867602988,-7.61559659224238,1.6217388570364033,2276.4820848375102,2312.11845359207
site_DOW_MONTH_Year,Respiratory,All,Fresh sea salt mixed with aged emissions,Primary model,4-day moving average,3574,1225,1.1127976444110805,1.064732519532653,1.1608627692895082,11.279764441108053,6.473251953265291,16.086276928950817,2761.2900300260467,2797.0649028868984
site_DOW_MONTH_Year,Respiratory,All,Industrial emissions,Primary model,4-day moving average,3522,1277,1.112504310306952,1.0563453672247187,1.1686632533891854,11.250431030695207,5.634536722471872,16.866325338918543,2007.393099325414,2043.4589813176417
site_DOW_MONTH_Year,Respiratory,All,Secondary sulfate,Primary model,4-day moving average,3572,1227,1.4054678017786537,1.3486345633485965,1.4623010402087109,40.54678017786537,34.863456334859656,46.23010402087109,2344.0573162687583,2379.8436083817346
site_DOW_MONTH_Year,Respiratory,All,"Combustion of biomass, coal and fossil fuels",Primary model,4-day moving average,3566,1233,1.026867683241136,0.9844522252464788,1.0692831412357933,2.6867683241136087,-1.5547774753521204,6.928314123579327,2338.572920600231,2374.3933591223813
site_DOW_MONTH_Year,Respiratory,Female,Mineral dust and soil ressuspension,Sensitivity model,4-day moving average,1643,562,1.3458999864251608,1.2648235137522144,1.4269764590981073,34.589998642516086,26.482351375221434,42.69764590981073,766.9715483872892,797.2920613365451
site_DOW_MONTH_Year,Respiratory,Female,Aged sea salt,Sensitivity model,4-day moving average,1648,557,1.289927525919227,1.162667555679739,1.4171874961587152,28.99275259192271,16.266755567973902,41.718749615871516,660.1010398299045,690.3589965093955
site_DOW_MONTH_Year,Respiratory,Female,Secondary nitrate,Sensitivity model,4-day moving average,1650,555,0.9954073135473064,0.9273324594615953,1.0634821676330175,-0.45926864526936173,-7.266754053840474,6.3482167633017506,905.1920779690134,935.4248547652385
site_DOW_MONTH_Year,Respiratory,Female,Fresh sea salt mixed with aged emissions,Sensitivity model,4-day moving average,1644,561,1.1096330439191613,1.0389993661346721,1.1802667217036504,10.963304391916129,3.899936613467214,18.026672170365043,1177.614596650946,1207.9226429896048
site_DOW_MONTH_Year,Respiratory,Female,Industrial emissions,Sensitivity model,4-day moving average,1651,554,1.158445612163232,1.073956570666391,1.2429346536600732,15.844561216323205,7.395657066639094,24.293465366007318,827.430176233984,857.650329041215
site_DOW_MONTH_Year,Respiratory,Female,Secondary sulfate,Sensitivity model,4-day moving average,1629,576,1.4292255152797417,1.3454877474357179,1.5129632831237656,42.92255152797417,34.548774743571784,51.29632831237656,984.5099043609368,1015.0026579858081
site_DOW_MONTH_Year,Respiratory,Female,"Combustion of biomass, coal and fossil fuels",Sensitivity model,4-day moving average,1653,552,0.9802935503260328,0.9205217544464175,1.0400653462056482,-1.9706449673967175,-7.947824555358252,4.006534620564817,915.3565502477029,945.5513865716425
site_DOW_MONTH_Year,Respiratory,Male,Mineral dust and soil ressuspension,Sensitivity model,4-day moving average,1936,658,1.4699281539051965,1.3814456762665486,1.5584106315438444,46.99281539051965,38.144567626654855,55.84106315438444,886.8518943199064,918.2763288391836
site_DOW_MONTH_Year,Respiratory,Male,Aged sea salt,Sensitivity model,4-day moving average,1944,650,1.4435670600545643,1.3175820068703128,1.5695521132388157,44.356706005456424,31.75820068703128,56.95521132388157,647.143143677236,678.4819502174638
site_DOW_MONTH_Year,Respiratory,Male,Secondary nitrate,Sensitivity model,4-day moving average,1928,666,0.9715746010323257,0.9081257252606804,1.035023476803971,-2.8425398967674265,-9.187427473931963,3.5023476803971,1148.3891151002015,1179.898142793984
site_DOW_MONTH_Year,Respiratory,Male,Fresh sea salt mixed with aged emissions,Sensitivity model,4-day moving average,1930,664,1.100548972274794,1.0349780722439148,1.1661198723056734,10.054897227479408,3.4978072243914804,16.611987230567337,1332.8772930844511,1364.3652681307863
site_DOW_MONTH_Year,Respiratory,Male,Industrial emissions,Sensitivity model,4-day moving average,1919,675,1.0654588689496762,0.9885447707260333,1.1423729671733192,6.545886894967623,-1.1455229273966694,14.237296717331915,960.5522223789906,992.1552112150982
site_DOW_MONTH_Year,Respiratory,Male,Secondary sulfate,Sensitivity model,4-day moving average,1943,651,1.353454372112509,1.2772812862917249,1.429627457933293,35.345437211250896,27.728128629172488,42.962745793329304,1130.9700861751764,1162.3196536706364
site_DOW_MONTH_Year,Respiratory,Male,"Combustion of biomass, coal and fossil fuels",Sensitivity model,4-day moving average,1942,652,1.0347322775722418,0.9753641117646942,1.0941004433797896,3.4732277572241843,-2.4635888235305825,9.410044337978963,1159.9227657873432,1191.2830777208299
site_DOW_MONTH_Year,Circulatory,All,Mineral dust and soil ressuspension,Primary model,4-day moving average,5354,1820,1.326157993483712,1.2771440345432479,1.3751719524241761,32.6157993483712,27.71440345432479,37.517195242417614,2834.2212874209504,2872.7674298814463
site_DOW_MONTH_Year,Circulatory,All,Aged sea salt,Primary model,4-day moving average,5353,1821,1.5255738768366889,1.4467515956751258,1.604396157998252,52.557387683668885,44.67515956751258,60.4396157998252,2167.8642953704857,2206.414282928579
site_DOW_MONTH_Year,Circulatory,All,Secondary nitrate,Primary model,4-day moving average,5375,1799,0.9939697023935155,0.9542989092802442,1.0336404955067868,-0.6030297606484547,-4.5701090719755815,3.3640495506786827,3593.3802526704185,3631.845156308072
site_DOW_MONTH_Year,Circulatory,All,Fresh sea salt mixed with aged emissions,Primary model,4-day moving average,5329,1845,1.070712041017269,1.028280126023273,1.113143956011265,7.071204101726902,2.828012602327301,11.314395601126503,4146.419655710193,4185.061297605515
site_DOW_MONTH_Year,Circulatory,All,Industrial emissions,Primary model,4-day moving average,5362,1812,1.2011262478418832,1.1519583693162188,1.2502941263675476,20.112624784188316,15.195836931621876,25.029412636754756,2878.1272864889465,2916.642591895167
site_DOW_MONTH_Year,Circulatory,All,Secondary sulfate,Primary model,4-day moving average,5353,1821,1.490624796077355,1.4416336101176088,1.5396159820371014,49.06247960773551,44.163361011760884,53.96159820371014,3439.6249962501242,3478.1749838082173
site_DOW_MONTH_Year,Circulatory,All,"Combustion of biomass, coal and fossil fuels",Primary model,4-day moving average,5335,1839,1.0778721624044718,1.0401769725957437,1.1155673522132,7.787216240447181,4.017697259574371,11.556735221319991,3394.2788609996164,3432.8977015718465
site_DOW_MONTH_Year,Circulatory,Female,Mineral dust and soil ressuspension,Sensitivity model,4-day moving average,2426,826,1.3659411770957373,1.289094070628995,1.4427882835624795,36.59411770957372,28.909407062899504,44.27882835624794,1187.6352181881007,1220.6513816027475
site_DOW_MONTH_Year,Circulatory,Female,Aged sea salt,Sensitivity model,4-day moving average,2432,820,1.4946829727321251,1.3617562888763772,1.627609656587873,49.468297273212514,36.17562888763772,62.760965658787306,817.7692317417824,850.7343621235905
site_DOW_MONTH_Year,Circulatory,Female,Secondary nitrate,Sensitivity model,4-day moving average,2428,824,0.9759957485016312,0.9169210373126746,1.0350704596905878,-2.4004251498368823,-8.30789626873254,3.507045969058775,1580.487993123149,1613.4871868325154
site_DOW_MONTH_Year,Circulatory,Female,Fresh sea salt mixed with aged emissions,Sensitivity model,4-day moving average,2415,837,1.0662253219063709,1.0031813292366205,1.1292693145761212,6.622532190637087,0.31813292366205115,12.926931457612124,1741.814191705653,1774.9229601990794
site_DOW_MONTH_Year,Circulatory,Female,Industrial emissions,Sensitivity model,4-day moving average,2436,816,1.1152278161415785,1.0446684511261712,1.1857871811569858,11.52278161415785,4.466845112617124,18.578718115698578,1218.9418168803206,1251.8727173650693
site_DOW_MONTH_Year,Circulatory,Female,Secondary sulfate,Sensitivity model,4-day moving average,2419,833,1.5080915509634902,1.4323621849766406,1.5838209169503399,50.80915509634902,43.236218497664055,58.38209169503399,1407.0509459556981,1440.126181450866
site_DOW_MONTH_Year,Circulatory,Female,"Combustion of biomass, coal and fossil fuels",Sensitivity model,4-day moving average,2432,820,1.0613099293312152,1.003973207305609,1.1186466513568214,6.130992933121515,0.39732073056089057,11.86466513568214,1404.5664137334195,1437.5315441152277
site_DOW_MONTH_Year,Circulatory,Male,Mineral dust and soil ressuspension,Sensitivity model,4-day moving average,2932,990,1.2901399331558354,1.2283233943153207,1.3519564719963502,29.01399331558354,22.832339431532066,35.19564719963502,1456.4382435286454,1490.722178130546
site_DOW_MONTH_Year,Circulatory,Male,Aged sea salt,Sensitivity model,4-day moving average,2928,994,1.3233051554192372,1.2235248736613928,1.4230854371770816,32.330515541923724,22.352487366139286,42.30854371770816,1207.621868062022,1241.934028508618
site_DOW_MONTH_Year,Circulatory,Male,Secondary nitrate,Sensitivity model,4-day moving average,2924,998,1.005176840274143,0.9497287797088485,1.0606249008394375,0.5176840274143002,-5.02712202911515,6.06249008394375,1750.7074762776804,1785.0477492118607
site_DOW_MONTH_Year,Circulatory,Male,Fresh sea salt mixed with aged emissions,Sensitivity model,4-day moving average,2914,1008,1.074679728488056,1.0167442338827446,1.1326152230933675,7.467972848805604,1.6744233882744597,13.261522309336748,2136.2088067735795,2170.6188709139988
site_DOW_MONTH_Year,Circulatory,Male,Industrial emissions,Sensitivity model,4-day moving average,2909,1013,1.2521162518497426,1.1830421152761028,1.3211903884233824,25.211625184974263,18.30421152761028,32.11903884233824,1469.6493263612024,1504.0940268909433
site_DOW_MONTH_Year,Circulatory,Male,Secondary sulfate,Sensitivity model,4-day moving average,2934,988,1.4660744043744969,1.4001148307727695,1.5320339779762242,46.60744043744969,40.01148307727696,53.20339779762242,1748.141685037574,1782.4114639218092
site_DOW_MONTH_Year,Circulatory,Male,"Combustion of biomass, coal and fossil fuels",Sensitivity model,4-day moving average,2935,987,1.0549154280567654,1.0053538438186713,1.1044770122948595,5.491542805676541,0.5353843818671322,10.44770122948595,1638.2309265699573,1672.4936168459917
site_DOW_MONTH_Year,Cardiorespiratory,All,Mineral dust and soil ressuspension,Primary model,5-day moving average,9753,3305,1.5096666711017575,1.4614905905458344,1.5578427516576805,50.96666711017575,46.14905905458344,55.78427516576805,5246.041547533605,5288.763889799606
site_DOW_MONTH_Year,Cardiorespiratory,All,Aged sea salt,Primary model,5-day moving average,9786,3272,1.4088407885576046,1.3544025161428943,1.463279060972315,40.884078855760464,35.44025161428943,46.3279060972315,4850.637117729093,4893.289214613152
site_DOW_MONTH_Year,Cardiorespiratory,All,Secondary nitrate,Primary model,5-day moving average,9786,3272,0.9687745215031268,0.9396003393150061,0.9979487036912476,-3.1225478496873182,-6.039966068499392,-0.20512963087524483,7689.888489837509,7732.540586721568
site_DOW_MONTH_Year,Cardiorespiratory,All,Fresh sea salt mixed with aged emissions,Primary model,5-day moving average,9696,3362,1.056978115568577,1.026938014623892,1.0870182165132618,5.69781155685769,2.6938014623892004,8.701821651326181,8436.621517031985,8479.463556229764
site_DOW_MONTH_Year,Cardiorespiratory,All,Industrial emissions,Primary model,5-day moving average,9723,3335,1.179825484055909,1.142773525897891,1.216877442213927,17.982548405590904,14.277352589789105,21.687744221392702,5488.38115050955,5531.1667462179985
site_DOW_MONTH_Year,Cardiorespiratory,All,Secondary sulfate,Primary model,5-day moving average,9745,3313,1.4218627992718034,1.3881810858617474,1.4555445126818594,42.18627992718034,38.81810858617474,45.554451268185936,6767.7606101040255,6810.499875920124
site_DOW_MONTH_Year,Cardiorespiratory,All,"Combustion of biomass, coal and fossil fuels",Primary model,5-day moving average,9735,3323,1.022477509046172,0.9947083752074826,1.0502466428848614,2.247750904617196,-0.5291624792517435,5.024664288486136,7079.4867516813465,7122.247114559828
site_DOW_MONTH_Year,Cardiorespiratory,Male,Mineral dust and soil ressuspension,Sensitivity model,5-day moving average,5293,1805,1.4970156038890299,1.4308249005260278,1.563206307252032,49.70156038890299,43.082490052602786,56.32063072520319,2667.0441019112723,2705.5323130066413
site_DOW_MONTH_Year,Cardiorespiratory,Male,Aged sea salt,Sensitivity model,5-day moving average,5316,1782,1.35225978574868,1.2782359471283204,1.4262836243690395,35.225978574868,27.823594712832044,42.628362436903956,2493.2863610154313,2531.6848022716467
site_DOW_MONTH_Year,Cardiorespiratory,Male,Secondary nitrate,Sensitivity model,5-day moving average,5317,1781,0.9671736242955655,0.9275968695325046,1.0067503790586265,-3.2826375704434474,-7.240313046749536,0.6750379058626521,3958.707873135639,3997.102385118667
site_DOW_MONTH_Year,Cardiorespiratory,Male,Fresh sea salt mixed with aged emissions,Sensitivity model,5-day moving average,5314,1784,1.0665863579522514,1.026044670416255,1.107128045488248,6.658635795225143,2.604467041625491,10.712804548824796,4365.00745854928,4403.41375174126
site_DOW_MONTH_Year,Cardiorespiratory,Male,Industrial emissions,Sensitivity model,5-day moving average,5249,1849,1.2129572247262983,1.1611168963514644,1.2647975531011322,21.29572247262983,16.11168963514644,26.47975531011322,2864.810983016725,2903.4677846364348
site_DOW_MONTH_Year,Cardiorespiratory,Male,Secondary sulfate,Sensitivity model,5-day moving average,5319,1779,1.4079580669226512,1.3620673187885557,1.4538488150567468,40.795806692265124,36.20673187885557,45.38488150567468,3529.115711483919,3567.5023582975796
site_DOW_MONTH_Year,Cardiorespiratory,Male,"Combustion of biomass, coal and fossil fuels",Sensitivity model,5-day moving average,5260,1838,1.0337974565497592,0.9960772519484962,1.0715176611510222,3.3797456549759186,-0.39227480515038327,7.1517661151022205,3728.776019140309,3767.3910522607184
site_DOW_MONTH_Year,Cardiorespiratory,Female,Mineral dust and soil ressuspension,Sensitivity model,5-day moving average,4460,1500,1.5392246733340258,1.4666958220116013,1.6117535246564503,53.92246733340258,46.66958220116013,61.17535246564503,2273.9086434076,2311.101186117232
site_DOW_MONTH_Year,Cardiorespiratory,Female,Aged sea salt,Sensitivity model,5-day moving average,4466,1494,1.4469112713212071,1.3658962675636346,1.5279262750787796,44.69112713212071,36.58962675636346,52.79262750787797,2075.3482760978322,2112.5127626576814
site_DOW_MONTH_Year,Cardiorespiratory,Female,Secondary nitrate,Sensitivity model,5-day moving average,4451,1509,0.9738107329016461,0.9292555729357057,1.0183658928675865,-2.6189267098353897,-7.074442706429429,1.8365892867586497,3193.808122584742,3231.0425397961167
site_DOW_MONTH_Year,Cardiorespiratory,Female,Fresh sea salt mixed with aged emissions,Sensitivity model,5-day moving average,4440,1520,1.048876897541236,1.0043291006489226,1.0934246944335493,4.887689754123592,0.4329100648922557,9.34246944335493,3689.6321091895584,3726.917368486441
site_DOW_MONTH_Year,Cardiorespiratory,Female,Industrial emissions,Sensitivity model,5-day moving average,4465,1495,1.137806200423128,1.0834337046738884,1.1921786961723675,13.780620042312798,8.343370467388844,19.21786961723675,2375.6936082047714,2412.862778605545
site_DOW_MONTH_Year,Cardiorespiratory,Female,Secondary sulfate,Sensitivity model,5-day moving average,4467,1493,1.3835909588786561,1.3347182932017805,1.4324636245555318,38.359095887865614,33.471829320178045,43.246362455553175,2918.8280829943906,2955.987882577165
site_DOW_MONTH_Year,Cardiorespiratory,Female,"Combustion of biomass, coal and fossil fuels",Sensitivity model,5-day moving average,4464,1496,1.0002639749882822,0.9585968631252899,1.0419310868512746,0.026397498828223398,-4.140313687471009,4.193108685127456,2987.32877901581,3024.502630125551
site_DOW_MONTH_Year,Respiratory,All,Mineral dust and soil ressuspension,Primary model,5-day moving average,3921,1330,1.5408020367766322,1.465499697271896,1.6161043762813683,54.08020367766322,46.54996972718961,61.61043762813683,1927.1737141899885,1963.524253738499
site_DOW_MONTH_Year,Respiratory,All,Aged sea salt,Primary model,5-day moving average,3924,1327,1.36966922920038,1.2896053348326275,1.4497331235681326,36.966922920038,28.96053348326275,44.97331235681325,1986.6405611229147,2022.97529336324
site_DOW_MONTH_Year,Respiratory,All,Secondary nitrate,Primary model,5-day moving average,3910,1341,0.936338581255006,0.890470440755588,0.982206721754424,-6.366141874499398,-10.952955924441198,-1.7793278245575972,2830.427527952184,2866.8357241351555
site_DOW_MONTH_Year,Respiratory,All,Fresh sea salt mixed with aged emissions,Primary model,5-day moving average,3909,1342,1.099949938115953,1.0523105138454336,1.1475893623864724,9.994993811595299,5.2310513845433615,14.758936238647236,3183.423505937838,3219.836920160559
site_DOW_MONTH_Year,Respiratory,All,Industrial emissions,Primary model,5-day moving average,3910,1341,1.1324835406150002,1.0763924201492914,1.188574661080709,13.248354061500024,7.639242014929137,18.85746610807091,2177.334647903784,2213.7428440867557
site_DOW_MONTH_Year,Respiratory,All,Secondary sulfate,Primary model,5-day moving average,3936,1315,1.3567739655270665,1.3055223098732665,1.4080256211808666,35.677396552706654,30.552230987326645,40.80256211808666,2583.789984912972,2620.0611285252553
site_DOW_MONTH_Year,Respiratory,All,"Combustion of biomass, coal and fossil fuels",Primary model,5-day moving average,3905,1346,0.991980552061843,0.9493570694079414,1.0346040347157446,-0.8019447938157009,-5.06429305920586,3.460403471574458,2744.9077428991095,2781.3419904705424
site_DOW_MONTH_Year,Respiratory,Female,Mineral dust and soil ressuspension,Sensitivity model,5-day moving average,1790,615,1.6139983756395178,1.4989437648575963,1.7290529864214392,61.39983756395178,49.89437648575963,72.90529864214392,779.494192806711,810.4455486813566
site_DOW_MONTH_Year,Respiratory,Female,Aged sea salt,Sensitivity model,5-day moving average,1802,603,1.4003636684952212,1.2807509938807948,1.5199763431096476,40.03636684952212,28.075099388079483,51.997634310964756,828.7663974417587,859.579817818849
site_DOW_MONTH_Year,Respiratory,Female,Secondary nitrate,Sensitivity model,5-day moving average,1802,603,0.9269231123079542,0.8594409465813868,0.9944052780345216,-7.307688769204579,-14.055905341861319,-0.5594721965478389,1111.975994713117,1142.7894150902073
site_DOW_MONTH_Year,Respiratory,Female,Fresh sea salt mixed with aged emissions,Sensitivity model,5-day moving average,1796,609,1.0814774062996522,1.0122298567906585,1.1507249558086459,8.147740629965217,1.2229856790658467,15.072495580864587,1341.2944402734395,1372.1771681474088
site_DOW_MONTH_Year,Respiratory,Female,Industrial emissions,Sensitivity model,5-day moving average,1791,614,1.1066777830320909,1.0261155357890357,1.187240030275146,10.667778303209086,2.6115535789035693,18.724003027514602,935.4538896607191,966.3938541577492
site_DOW_MONTH_Year,Respiratory,Female,Secondary sulfate,Sensitivity model,5-day moving average,1780,625,1.4066445890741037,1.3297631813700093,1.4835259967781982,40.66445890741037,32.97631813700092,48.35259967781982,1052.165960293595,1083.2302218417497
site_DOW_MONTH_Year,Respiratory,Female,"Combustion of biomass, coal and fossil fuels",Sensitivity model,5-day moving average,1803,602,0.9643210932310747,0.9034088850893099,1.0252333013728394,-3.5678906768925267,-9.659111491069005,2.523330137283941,1088.800031395831,1119.6018335129927
site_DOW_MONTH_Year,Respiratory,Male,Mineral dust and soil ressuspension,Sensitivity model,5-day moving average,2131,715,1.5024416348818548,1.3986732508004556,1.606210018963254,50.24416348818548,39.86732508004556,60.621001896325396,944.6151070510124,976.6210848498704
site_DOW_MONTH_Year,Respiratory,Male,Aged sea salt,Sensitivity model,5-day moving average,2122,724,1.3099759992753395,1.2017903237500762,1.4181616748006027,30.997599927533948,20.179032375007623,41.81616748006027,945.2877860936344,977.3813258403344
site_DOW_MONTH_Year,Respiratory,Male,Secondary nitrate,Sensitivity model,5-day moving average,2121,725,0.9457222433030084,0.8827643498542453,1.0086801367517713,-5.427775669699164,-11.723565014575465,0.8680136751771261,1437.604855200642,1469.708056784625
site_DOW_MONTH_Year,Respiratory,Male,Fresh sea salt mixed with aged emissions,Sensitivity model,5-day moving average,2113,733,1.085022824582563,1.0190132833118695,1.1510323658532566,8.502282458256305,1.9013283311869467,15.103236585325664,1557.7427776278398,1589.9227975410463
site_DOW_MONTH_Year,Respiratory,Male,Industrial emissions,Sensitivity model,5-day moving average,2119,727,1.1588664351353128,1.0783666578030875,1.2393662124675382,15.886643513531284,7.836665780308749,23.93662124675382,1067.939462810552,1100.0619481532865
site_DOW_MONTH_Year,Respiratory,Male,Secondary sulfate,Sensitivity model,5-day moving average,2123,723,1.3598150291175115,1.2882143578693865,1.4314157003656365,35.98150291175115,28.821435786938654,43.14157003656365,1266.972730871243,1299.0565954263543
site_DOW_MONTH_Year,Respiratory,Male,"Combustion of biomass, coal and fossil fuels",Sensitivity model,5-day moving average,2128,718,1.0009955009601925,0.9403963732372815,1.0615946286831035,0.09955009601925191,-5.9603626762718465,6.15946286831035,1360.9077037086772,1392.9429906920147
site_DOW_MONTH_Year,Circulatory,All,Mineral dust and soil ressuspension,Primary model,5-day moving average,5832,1975,1.4686280564353025,1.4052931699957296,1.5319629428748753,46.86280564353025,40.52931699957296,53.19629428748753,3025.278889707024,3064.3971554483705
site_DOW_MONTH_Year,Circulatory,All,Aged sea salt,Primary model,5-day moving average,5829,1978,1.3281836245875647,1.2604950065620824,1.395872242613047,32.81836245875647,26.049500656208235,39.5872242613047,2926.6667148703455,2965.795605455624
site_DOW_MONTH_Year,Circulatory,All,Secondary nitrate,Primary model,5-day moving average,5812,1995,0.9968530287979303,0.9576574094335122,1.0360486481623483,-0.3146971202069748,-4.234259056648781,3.604864816234832,4309.066893354292,4348.255688659559
site_DOW_MONTH_Year,Circulatory,All,Fresh sea salt mixed with aged emissions,Primary model,5-day moving average,5787,2020,1.0218693391071356,0.9825083766804763,1.061230301533795,2.186933910713562,-1.7491623319523697,6.123030153379494,4860.455734038332,4899.7317035710985
site_DOW_MONTH_Year,Circulatory,All,Industrial emissions,Primary model,5-day moving average,5836,1971,1.146196387058205,1.0977538990774975,1.1946388750389125,14.619638705820503,9.775389907749755,19.463887503891254,3191.556277219969,3230.6603513700384
site_DOW_MONTH_Year,Circulatory,All,Secondary sulfate,Primary model,5-day moving average,5831,1976,1.4349149156501755,1.3903714365048396,1.4794583947955113,43.49149156501755,39.03714365048396,47.94583947955113,3905.7118658180957,3944.8336749662503
site_DOW_MONTH_Year,Circulatory,All,"Combustion of biomass, coal and fossil fuels",Primary model,5-day moving average,5830,1977,1.0512899952450814,1.0137660630757124,1.0888139274144504,5.128999524508138,1.3766063075712376,8.881392741445037,3948.191479003248,3987.316829765442
site_DOW_MONTH_Year,Circulatory,Female,Mineral dust and soil ressuspension,Sensitivity model,5-day moving average,2658,897,1.4746475877702165,1.3836579135249711,1.565637262015462,47.46475877702166,38.36579135249711,56.563726201546196,1282.6276609426159,1316.2210519770274
site_DOW_MONTH_Year,Circulatory,Female,Aged sea salt,Sensitivity model,5-day moving average,2655,900,1.420890529018953,1.3155354870731324,1.5262455709647738,42.08905290189531,31.55354870731324,52.624557096477375,1112.512099951063,1146.128863294333
site_DOW_MONTH_Year,Circulatory,Female,Secondary nitrate,Sensitivity model,5-day moving average,2665,890,0.9842283160526847,0.9253798039397256,1.0430768281656437,-1.5771683947315318,-7.462019606027437,4.307682816564373,1861.2915386553377,1894.8300888944211
site_DOW_MONTH_Year,Circulatory,Female,Fresh sea salt mixed with aged emissions,Sensitivity model,5-day moving average,2644,911,1.0264980804185564,0.96713564631833,1.0858605145187827,2.649808041855639,-3.2864353681669956,8.586051451878273,2051.7899944423134,2085.4917947231334
site_DOW_MONTH_Year,Circulatory,Female,Industrial emissions,Sensitivity model,5-day moving average,2666,889,1.1063245056989457,1.0337306740266219,1.1789183373712695,10.63245056989457,3.3730674026621887,17.89183373712695,1349.230258463066,1382.7609391116634
site_DOW_MONTH_Year,Circulatory,Female,Secondary sulfate,Sensitivity model,5-day moving average,2656,899,1.4209569759650076,1.3546262476957984,1.4872877042342167,42.095697596500756,35.46262476957984,48.72877042342167,1599.9065402441609,1633.5155214854622
site_DOW_MONTH_Year,Circulatory,Female,"Combustion of biomass, coal and fossil fuels",Sensitivity model,5-day moving average,2656,899,1.0237019411935946,0.9668159390722046,1.0805879433149845,2.370194119359459,-3.3184060927795356,8.058794331498454,1655.505389473634,1689.1143707149354
site_DOW_MONTH_Year,Circulatory,Male,Mineral dust and soil ressuspension,Sensitivity model,5-day moving average,3189,1063,1.3099910474362533,1.2370852804207237,1.3828968144517828,30.999104743625328,23.708528042072373,38.28968144517828,1591.3772300231053,1626.159182671499
site_DOW_MONTH_Year,Circulatory,Male,Aged sea salt,Sensitivity model,5-day moving average,3162,1090,1.334764456645314,1.2400616733969612,1.429467239893667,33.476445664531404,24.006167339696116,42.946723989366696,1464.431355960394,1499.3888867869564
site_DOW_MONTH_Year,Circulatory,Male,Secondary nitrate,Sensitivity model,5-day moving average,3186,1066,0.985879306466276,0.9336304523798272,1.0381281605527246,-1.4120693533724027,-6.636954762017277,3.812816055272461,2199.905817664304,2234.707497897384
site_DOW_MONTH_Year,Circulatory,Male,Fresh sea salt mixed with aged emissions,Sensitivity model,5-day moving average,3177,1075,1.0305075490800524,0.977667746897018,1.0833473512630867,3.0507549080052376,-2.2332253102982036,8.334735126308669,2485.7524681841137,2520.612999768046
site_DOW_MONTH_Year,Circulatory,Male,Industrial emissions,Sensitivity model,5-day moving average,3186,1066,1.2609116463121288,1.189563479654256,1.3322598129700016,26.091164631212884,18.9563479654256,33.22598129700016,1577.4866826485338,1612.2883628816144
site_DOW_MONTH_Year,Circulatory,Male,Secondary sulfate,Sensitivity model,5-day moving average,3175,1077,1.4163533046968593,1.3556860596017706,1.477020549791948,41.635330469685925,35.56860596017706,47.7020549791948,2021.2225030710408,2056.0960458111354
site_DOW_MONTH_Year,Circulatory,Male,"Combustion of biomass, coal and fossil fuels",Sensitivity model,5-day moving average,3181,1071,1.028996929784399,0.9796264550630426,1.0783674045057554,2.899692978439905,-2.037354493695742,7.836740450575541,1914.4612509635642,1949.2956874566985
