site,date,Factor.1,Factor.2,Factor.3,Factor.4,Factor.5,Factor.6,Factor.7
MIC,08/24/18 03:40,NA,NA,NA,NA,NA,NA,NA
MIC,08/31/18 03:40,NA,NA,NA,NA,NA,NA,NA
MIC,09/01/2018 04:19,NA,NA,NA,NA,NA,NA,NA
MIC,09/04/2018 03:58,0.81092,0.77812,0.8189,3.2208,0.060861,0.048332,0.91808
MIC,09/10/2018 04:26,1.0294,1.0222,2.3731,0.38303,0.59155,0.88578,0.52362
MIC,09/13/18 03:45,NA,NA,NA,NA,NA,NA,NA
MIC,09/18/18 03:55,1.6383,0.79235,0.3492,2.9677,0.34396,1.8362,0.62885
MIC,09/20/18 03:57,1.1137,1.8185,0.11516,3.4787,-0.2,1.7006,0.99654
MIC,09/21/18 03:33,1.055,0.38661,2.0155,0.84306,0.57515,4.7215,-0.2
MIC,09/25/18 03:55,0.94334,1.3386,0.39706,-0.016969,0.31962,3.3549,0.072422
MIC,09/27/18 03:32,NA,NA,NA,NA,NA,NA,NA
MIC,10/01/2018 03:57,1.5621,0.94841,0.25951,-0.096638,1.1008,0.49093,0.62972
MIC,10/05/2018 04:08,0.22115,0.91635,1.138,0.99128,1.3028,0.25558,0.28699
MIC,10/09/2018 03:58,0.98418,-0.19074,0.36926,2.7243,1.3406,1.7754,0.065542
MIC,10/11/2018 03:32,0.051292,0.1526,0.34368,0.54151,-0.041307,-0.0038427,-0.024587
MIC,10/16/18 03:55,0.38754,0.31097,0.5701,0.18207,0.050251,0.053475,0.095697
MIC,10/18/18 03:44,0.44015,0.416,0.93187,0.32121,0.25403,-0.021441,0.084392
MIC,10/20/18 04:35,NA,NA,NA,NA,NA,NA,NA
MIC,10/26/18 04:26,NA,NA,NA,NA,NA,NA,NA
MIC,10/31/18 03:44,0.61149,0.36852,0.64588,0.68634,0.12817,-0.18678,0.27594
MIC,11/01/2018 03:54,NA,NA,NA,NA,NA,NA,NA
MIC,11/07/2018 04:38,NA,NA,NA,NA,NA,NA,NA
MIC,11/09/2018 04:00,0.12105,0.014511,0.55155,0.76067,0.078596,0.094057,-0.049057
MIC,11/15/18 05:15,NA,NA,NA,NA,NA,NA,NA
MIC,11/16/18 06:12,1.0414,0.2728,1.2657,0.76322,0.86273,0.17074,-0.2
MIC,11/21/18 04:28,1.071,0.58787,1.1598,3.1139,0.46195,0.046396,-0.2
MIC,11/23/18 04:35,0.22931000000000001,1.0785,0.48146,2.1592,0.41616,1.1519,0.093051
MIC,11/29/18 04:00,0.49,0.74797,0.11463,0.10991,0.89785,0.65869,0.62547
MIC,11/30/18 04:00,1.2248000000000001,-0.094511,0.15806,3.2124,1.2307,0.53647,0.59834
MIC,12/03/2018 06:10,0.15291,0.639,0.47616000000000003,0.73698,0.11385,-0.079445,0.021313
MIC,12/06/2018 04:43,0.59084,1.5833,2.1056,4.2203,0.13176,-0.10453,-0.091581
MIC,12/09/2018 05:00,0.50686,1.9607,3.8461,4.2194,2.1115,-0.036383,0.21926
MIC,12/12/2018 03:52,NA,NA,NA,NA,NA,NA,NA
MIC,12/20/18 04:45,1.623,2.2988,0.83589,0.22418,0.63327,0.3919,0.81391
MIC,12/21/18 04:48,2.4777,-0.2,-0.2,4.1521,0.81008,0.93556,0.86852
MIC,12/22/18 05:15,NA,NA,NA,NA,NA,NA,NA
MIC,12/24/18 05:46,NA,NA,NA,NA,NA,NA,NA
MIC,12/28/18 06:07,1.0237,1.4045,0.66363,0.70926,0.58468,1.7166,0.054416
MIC,12/31/18 05:40,NA,NA,NA,NA,NA,NA,NA
MIC,01/03/2019 05:57,2.5441,0.59163,0.25588,2.3842,1.1485,0.23382,1.0882
MIC,01/07/2019 05:22,NA,NA,NA,NA,NA,NA,NA
MIC,01/11/2019 04:45,2.2033,2.9211,-0.2,1.3903,1.193,2.5086,1.348
MIC,01/12/2019 05:40,1.4961,1.7151,0.70101,0.14137,0.34773,1.3326,0.07164
MIC,01/16/19 04:45,2.3042,1.2279,-0.18403,1.3384,3.8207,0.54147,2.1422
MIC,01/21/19 04:43,NA,NA,NA,NA,NA,NA,NA
MIC,01/22/19 04:50,1.0671,1.6218,0.17136,0.095864,0.78049,0.63132,1.3058
MIC,01/28/19 04:42,2.1576,2.5352,0.3123,-0.13664,2.0816,4.3733,0.8626
MIC,01/31/19 04:36,NA,NA,NA,NA,NA,NA,NA
MIC,02/02/2019 05:05,NA,NA,NA,NA,NA,NA,NA
MIC,02/08/2019 04:47,1.518,1.3429,-0.16003,2.0521,0.59735,1.5046,0.88179
MIC,02/13/19 04:47,0.31666,1.8979,3.2047,4.0809,1.0848,-0.2,0.6894
MIC,02/15/19 04:52,NA,NA,NA,NA,NA,NA,NA
MIC,02/18/19 04:33,1.721,1.1003,1.3682,0.69788,0.93378,-0.2,1.1355
MIC,02/21/19 04:46,2.2883,-0.13237,0.73476,3.599,-0.092724,0.46049,1.7306
MIC,02/26/19 07:43,0.3451,0.35342,0.5601,0.51479,0.11419,0.21773,0.75897
MIC,02/28/19 09:34,0.98513,0.82065,0.057995,0.096151,1.4067,0.6748,1.5615
MIC,03/02/2019 10:34,1.1681,0.21958,1.0776,0.0021415,1.129,2.4511,0.51651
MIC,03/04/2019 07:01,0.2363,-0.032918,1.8831,0.17009,0.051161,0.3081,-0.2
MIC,03/09/2019 09:53,2.5787,0.67877,1.6518,0.28434,0.21867,2.1963,0.19795
MIC,03/11/2019 09:03,0.83783,0.6542,3.3513,2.2057,0.54481,-0.11073,1.4362
MIC,03/20/19 04:48,0.68956,3.334,2.8743,2.5354,-0.19477,-0.2,0.83059
MIC,03/21/19 09:30,NA,NA,NA,NA,NA,NA,NA
MIC,03/23/19 06:14,1.7186,0.85506,1.3582,-0.039294,0.96173,1.6762,0.71388
MIC,03/28/19 09:19,0.29332,0.79057,0.64472,1.9806,1.4737,-0.2,1.2984
MIC,03/31/19 04:58,0.56265,0.60419,0.79564,0.44321,1.4689,0.48755,0.8567
MIC,04/03/2019 09:14,2.4097,0.94635,0.056191,0.69367,1.4025,3.4799,1.8674
MIC,04/07/2019 08:25,NA,NA,NA,NA,NA,NA,NA
MIC,04/12/2019 07:43,1.4963,1.4819,0.31356,-0.12068,4.2555,2.5218,1.31
MIC,04/15/19 09:06,NA,NA,NA,NA,NA,NA,NA
MIC,04/16/19 09:24,0.81048,0.58905,0.60509,-0.068053,1.488,1.0688,1.7215
MIC,04/20/19 07:43,0.95034,1.9061,-0.019797,1.2614,3.4732,2.4382,1.2212
MIC,04/24/19 08:55,NA,NA,NA,NA,NA,NA,NA
MIC,04/27/19 05:32,NA,NA,NA,NA,NA,NA,NA
MIC,04/29/19 06:35,NA,NA,NA,NA,NA,NA,NA
MIC,05/05/2019 04:11,NA,NA,NA,NA,NA,NA,NA
MIC,05/06/2019 09:03,0.63248,1.4084,0.63399,0.32092,0.83517,2.7153,0.5258
MIC,05/11/2019 04:25,0.11847,0.50991,0.028396,0.051775,1.6399,1.1102,1.1341
MIC,05/14/19 09:27,NA,NA,NA,NA,NA,NA,NA
MIC,05/19/19 07:32,NA,NA,NA,NA,NA,NA,NA
MIC,05/22/19 09:15,NA,NA,NA,NA,NA,NA,NA
MIC,05/28/19 09:35,1.0646,0.51146,1.2248000000000001,0.05099,1.242,0.15144,1.8817
MIC,05/30/19 09:06,0.49878,-0.2,1.9455,1.3868,1.3367,0.086479,1.6873
MIC,06/02/2019 10:06,0.44685,0.31078,0.94422,0.15303,-0.10506,0.30874,0.91946
MIC,06/04/2019 10:02,NA,NA,NA,NA,NA,NA,NA
MIC,06/09/2019 05:13,NA,NA,NA,NA,NA,NA,NA
MIC,06/13/19 08:59,NA,NA,NA,NA,NA,NA,NA
MIC,06/15/19 09:32,NA,NA,NA,NA,NA,NA,NA
MIC,06/17/19 08:45,NA,NA,NA,NA,NA,NA,NA
MIC,06/27/19 08:40,0.7588,-0.2,3.5656,3.0025,1.4708,1.6939,1.4611
MIC,06/28/19 11:00,0.44479,0.50929,0.6134,0.43702,0.96939,1.8365,1.0626
MIC,06/29/19 08:52,0.63545,0.20295,-0.2,-0.2,8.3948,3.1353,3.8786
MIC,07/04/2019 05:08,1.1366,0.80546,0.31248,1.4769,1.3302,2.226,2.0715
MIC,07/06/2019 07:15,3.2955,-0.11074,1.1112,3.0825,1.1814,0.13463,2.0898
MIC,07/11/2019 09:02,3.2761,0.4068,0.89395,2.4969,8.7587,0.29688,7.6745
MIC,07/14/19 07:02,0.91755,0.42739,2.4644,0.11674,1.684,4.7984,0.75374
MIC,07/18/19 13:47,0.44459,0.091494,2.5847,5.1586,3.5289,-0.096965,1.0939
MIC,07/20/19 13:48,0.54755,1.7656,0.84864,-0.12202,1.1398,4.229,2.7225
MIC,07/23/19 13:38,NA,NA,NA,NA,NA,NA,NA
MIC,07/28/19 04:13,0.67462,0.3358,0.86069,0.64107,0.50761,3.0551,0.74615
MIC,07/30/19 12:45,1.2177,1.0322,-0.2,-0.19999,0.75613,3.2129,2.8238
MIC,08/03/2019 06:41,1.0506,0.1163,0.62811,-0.036587,-0.02053,0.22835,1.899
MIC,08/06/2019 10:00,0.67113,2.6796,0.84372,1.5051,4.5288,0.14316,1.8997
MIC,08/13/19 07:32,1.1548,2.9357,1.7362,0.38553,0.95826,0.73761,1.3313
MIC,08/15/19 12:07,0.40483,-0.2,6.1866,2.5203,2.676,0.55329,1.7406
MIC,08/19/19 13:13,-0.2,2.5911,3.8719,0.21024,0.59112,0.75461,1.3329
MIC,08/23/19 11:15,0.85071,1.5859,0.48212,0.035111,2.8061,2.2141,1.2247
MIC,08/24/19 07:09,0.30498,1.5924,0.31529,-0.033167,0.14154,0.064403,1.5274
MIC,08/26/19 09:21,NA,NA,NA,NA,NA,NA,NA
MIC,09/03/2019 09:23,-0.17369,1.1342,1.0119,0.42499,1.8812,1.7717,1.0924
MIC,09/06/2019 11:46,NA,NA,NA,NA,NA,NA,NA
MIC,09/08/2019 08:05,-0.2,0.28628,0.71932,0.75604,7.0347,4.4727,0.88098
MIC,09/11/2019 10:05,NA,NA,NA,NA,NA,NA,NA
MIC,09/14/19 04:10,0.2389,1.4851,1.0174,0.30246,0.90653,-0.032838,1.1883
MIC,09/16/19 06:57,NA,NA,NA,NA,NA,NA,NA
MIC,09/23/19 12:14,0.042667,0.75226,2.0334,4.5692,1.457,-0.2,1.0803
MIC,09/26/19 13:27,1.3156,0.17732,2.0725,1.2793,-0.15083,1.3011,1.7449
MIC,10/01/2019 09:37,0.89234,6.5149,1.7783,0.1806,2.0049,1.7097,0.90219
MIC,10/04/2019 06:33,NA,NA,NA,NA,NA,NA,NA
MIC,10/06/2019 09:30,0.3963,-0.12568,0.95292,0.042218,0.10055,0.80841,0.5831
MIC,10/09/2019 10:12,1.2171,0.8903,2.2127,0.79431,0.89484,0.8427,0.41508
MIC,10/15/19 09:22,0.61096,0.2626,1.4296,1.116,-0.17563,0.37113,0.80854
MIC,10/18/19 05:05,NA,NA,NA,NA,NA,NA,NA
MIC,10/20/19 05:37,-0.050091,3.8611,2.2032,3.6742,1.3359,0.21058,0.62388
MIC,10/23/19 09:26,1.5009,1.5919,2.1861,0.068536,0.49639,1.0393,0.92862
MIC,10/26/19 07:58,0.64084,1.3683,0.66182,0.4659,1.0704,2.7845,0.21474
MIC,10/31/19 09:08,2.4991,2.5137,1.448,1.4183,-0.098882,0.94224,0.4226
MIC,11/05/2019 09:30,NA,NA,NA,NA,NA,NA,NA
MIC,11/08/2019 08:07,0.9759,1.0162,0.16365,0.4167,1.953,0.52769,0.87539
MIC,11/10/2019 07:09,0.049678,1.0631,0.49867,0.19734,0.53208,0.041843,0.43484
MIC,11/14/19 08:59,1.1704,0.55436,0.059936,0.94562,0.70063,0.43032,0.99171
MIC,11/15/19 09:30,NA,NA,NA,NA,NA,NA,NA
MIC,11/17/19 08:39,1.3532,1.4685,0.39557,-0.0052166,1.7042,0.4773,1.4372
MIC,11/20/19 04:51,0.93276,0.94229,1.0212,0.24242,0.972,0.51249,0.62562
MIC,11/24/19 09:20,0.26464,1.6986,1.6956,1.5814,0.90828,0.10374,1.2362
MIC,11/28/19 09:40,1.6044,1.8449,2.0266,3.1527,-0.15612,-0.03457,0.49081
MIC,12/02/2019 08:15,1.4688,2.1949,2.0811,2.6599,0.92114,-0.10797,0.21114
MIC,12/05/2019 10:00,0.59164,1.5707,0.35886,0.99495,4.4133,2.0351,1.2883
MIC,12/07/2019 05:56,NA,NA,NA,NA,NA,NA,NA
MIC,12/12/2019 10:57,1.4621,3.4423,0.55039,0.5254,0.51048,1.7093,1.2395
MIC,12/14/19 12:27,NA,NA,NA,NA,NA,NA,NA
MIC,12/16/19 14:01,0.36361,0.27438,-0.065546,-0.034568,0.035168,0.34133,0.84863
MIC,12/24/19 12:03,0.75174,1.6416,0.19081,0.045081,-0.046837,1.2764,0.36699
MIC,12/27/19 09:55,0.28029,-0.2,1.9507,1.7095,-0.2,0.45296,-0.059529
MIC,12/30/19 07:25,1.3933,1.5667,1.1307,1.1352,-0.17391,0.76487,0.4277
MIC,01/01/2020 06:31,0.45519,0.26545,1.5041,0.025607,-0.09237,1.5827,0.45255
MIC,01/05/2020 06:15,NA,NA,NA,NA,NA,NA,NA
MIC,01/08/2020 13:06,0.88076,0.82982,0.098532,0.71656,1.2716,4.5182,0.57259
MIC,01/13/20 12:22,0.84215,0.93325,0.50864,0.019409,1.4908,0.32179,1.6651
MIC,01/15/20 14:30,1.4506,1.4915,-0.019213,1.6886,0.98548,1.5533,1.5466
MIC,01/18/20 04:16,0.61428,1.4093,-0.009811,1.0323,1.2737,0.74028,0.76182
MIC,01/23/20 11:29,0.44977,-0.1215,0.16883,0.58649,-0.1296,0.28024,0.48762
MIC,01/29/20 06:37,-0.15572,0.9191,1.9844,-0.026664,2.121,1.9396,1.4303
MIC,01/31/20 12:21,0.57397,1.2896,-0.01314,0.31388,-0.023763,2.4908,0.56727
MIC,02/06/2020 05:23,0.6842,0.57149,0.76777,1.7282,1.4658,-0.12685,1.2659
MIC,02/07/2020 05:51,0.40893,0.30814,1.6461,2.3684,1.0759,0.24501,0.1764
MIC,02/10/2020 10:16,1.4423,0.88438,1.0741,3.675,0.85506,0.29045,0.82113
MIC,02/14/20 06:58,2.4058,0.7956,3.8265,2.6239,2.1906,-0.031136,0.47674
MIC,02/15/20 04:35,1.9725,1.7942,0.27895,0.064017,0.64182,0.23273,0.65111
MIC,02/16/20 06:48,NA,NA,NA,NA,NA,NA,NA
MIC,02/23/20 07:35,1.4958,1.4779,2.5274,1.3689,0.63227,0.038069,0.38534
MIC,02/28/20 10:04,2.1013,1.2456,1.3828,1.5195,0.75749,0.10528,0.41484
MIC,03/01/2020 07:04,NA,NA,NA,NA,NA,NA,NA
MIC,03/03/2020 11:00,0.55967,0.62561,1.3352,1.1797,0.68039,-0.045262,0.59096
MIC,03/08/2020 08:54,1.5703,1.802,3.4575,2.5657,-0.070566,0.0042152,0.85634
MIC,03/09/2020 07:20,2.6792,1.8917,0.41485,0.091903,0.44533,0.039772,1.1901
MIC,03/16/20 09:37,NA,NA,NA,NA,NA,NA,NA
MIC,03/19/20 05:21,2.4835,1.2755,0.045044,-0.2,0.34553,2.6195,1.0519
MIC,03/24/20 11:35,0.79792,0.50942,0.48682,0.42912,0.024608,0.2839,0.96804
MIC,03/26/20 11:30,0.82086,0.96355,-0.083949,0.0036212,-0.070431,0.17052,1.2031
MIC,03/28/20 10:26,0.24131,0.67922,0.49363,1.2491,-0.19398,0.56663,0.5678
MIC,03/30/20 09:42,0.90699,1.1709,0.26728,1.2762,0.12798,1.7297,0.55252
MIC,04/06/2020 11:27,0.70745,1.5488,-0.004831,1.1682,0.022751,0.73238,1.2416
MIC,04/07/2020 11:29,NA,NA,NA,NA,NA,NA,NA
MIC,04/11/2020 07:42,1.1232,0.91308,1.3767,0.29699,-0.036658,-0.2,1.1681
MIC,04/14/20 14:21,1.2398,0.27089,1.3026,0.99294,-0.0024755,0.48269,0.61863
MIC,04/19/20 12:00,0.69359,0.46677,0.62618,1.0168,0.051426,0.044174,0.65631
MIC,04/20/20 12:42,1.7885,0.68215,0.12501,1.1013,0.054018,0.30817,1.2215
MIC,04/27/20 09:09,0.5742,0.62491,0.35442,0.29313,0.7353,1.5311,0.7175
MIC,04/29/20 10:45,1.4951,1.0111,1.2789,-0.068849,0.90743,1.74,0.86224
MIC,05/03/2020 09:10,0.93197,0.42159,1.4953,1.1604,0.43682,0.13337,0.17554
MIC,05/06/2020 06:40,NA,NA,NA,NA,NA,NA,NA
MIC,05/14/20 07:21,0.67076,0.50379,2.1073,0.14017,0.57438,0.49194,0.55019
MIC,05/15/20 09:50,1.2814,0.78439,0.2236,-0.012476,0.2498,0.69238,0.98449
MIC,05/17/20 12:38,1.2949,-0.086083,1.8787,-0.068911,0.33736,1.4709,1.7851
MIC,05/20/20 08:46,0.82044,1.1667,0.34288,0.40286,1.8382,0.72601,0.69084
MIC,05/26/20 13:42,3.8617,0.55679,0.85077,0.82031,-0.2,0.13562,1.5898
MIC,05/28/20 08:24,2.8395,1.7665,0.72692,0.10708,2.0581,-0.08563,2.4891
MIC,05/31/20 07:22,NA,NA,NA,NA,NA,NA,NA
MIC,06/04/2020 11:51,0.28329,0.29266,-0.07457,0.074005,0.19459,0.26537,1.3933
MIC,06/07/2020 13:00,1.1932,0.29564,0.96893,1.0111,4.1366,-0.15856,2.3146
MIC,06/09/2020 05:23,-0.068808,0.45981,-0.056283,0.078273,0.68534,0.044032,1.6601
MIC,06/15/20 05:22,0.41645,0.5609,-0.2,0.017133,0.13713,2.0247,1.2213
MIC,06/19/20 04:43,1.8219,0.049257,0.77235,0.52257,1.8079,0.15834,1.6499
MIC,06/20/20 07:43,NA,NA,NA,NA,NA,NA,NA
MIC,06/22/20 10:21,1.6667,1.0329,0.15407,-0.13436,0.25692,4.0208,1.5333
MIC,07/01/2020 05:27,1.8897,0.14861,0.85829,0.2171,0.17073,0.33798,1.2674
MIC,07/02/2020 05:35,2.2525,-0.088073,0.94337,0.78196,0.98858,-0.14611,2.7633
MIC,07/10/2020 05:27,0.80655,0.45054,0.66766,0.018225,0.83951,0.22149,1.1939
MIC,07/11/2020 12:30,0.31512,2.4071,1.1593,0.6053,0.35722,0.71402,1.9181
MIC,07/15/20 08:39,1.3054,1.3461,0.43731,0.11645,0.099275,1.9941,0.70477
MIC,07/23/20 05:31,NA,NA,NA,NA,NA,NA,NA
MIC,07/31/20 11:24,0.40362,0.38803,2.0979,1.1579,0.72787,0.018533,1.7455
MIC,08/06/2020 14:38,0.1424,0.77991,0.15351,0.4929,0.32283,1.7494,1.2457
MIC,08/07/2020 14:43,-0.2,0.69972,1.1339,1.1674,1.1503,3.3322,2.1951
MIC,08/11/2020 14:06,0.023784,2.136,0.55812,0.18851,-0.072919,2.6009,0.64674
MIC,08/13/20 14:26,0.2052,0.22059,-0.16451,-0.010091,0.12687,1.2521,0.61482
MIC,08/17/20 05:30,-0.14856,0.63601,-0.031689,0.0020065,0.75702,2.1256,1.5673
MIC,08/25/20 08:36,0.58957,0.35408,0.94693,1.4872,1.5752,-0.2,0.88019
MIC,08/26/20 14:44,NA,NA,NA,NA,NA,NA,NA
MIC,08/30/20 11:32,-0.097637,0.94182,0.10955,0.027845,0.17847,1.0198,0.61078
MIC,09/03/2020 06:52,2.0232,3.1557,2.0646,1.9647,1.4024,0.5439,0.55649
MIC,09/05/2020 06:57,1.2756,0.48013,0.76574,0.32193,0.31006,1.0451,0.47475
MIC,09/06/2020 13:23,0.20394,0.24506,0.69986,0.99004,-0.040493,1.1512,0.19049
MIC,09/12/2020 07:36,2.6934,2.4212,3.088,-0.094928,-0.042806,3.7447,1.2667
MIC,09/22/20 05:26,1.3066,1.1114,1.2628,0.34259,0.054589,-0.042187,0.74837
MIC,09/24/20 14:42,1.1438,0.69146,1.2035,1.4496,2.568,0.55136,0.89716
MIC,09/29/20 10:38,0.60929,1.6841,1.2017,0.72196,1.729,0.15593,0.88452
MIC,10/01/2020 13:10,NA,NA,NA,NA,NA,NA,NA
MIC,10/04/2020 09:34,6.096e-4,0.14416,0.83318,0.50233,0.65161,0.077892,0.16495
MIC,10/06/2020 12:45,NA,NA,NA,NA,NA,NA,NA
NID,09/01/2018 12:46,6.195,2.1679,0.56644,-0.2,0.32594,0.54949,1.028
NID,09/07/2018 06:33,0.65771,1.4206,1.6762,-0.17919,0.53266,1.0086,0.90993
NID,09/10/2018 07:17,0.45494,2.1787,1.5239,0.28252,1.5285,0.64459,1.399
NID,09/14/18 06:40,3.7216,-0.2,3.1722,1.3651,1.0208,5.2076,2.1445
NID,09/19/18 07:00,NA,NA,NA,NA,NA,NA,NA
NID,09/20/18 07:10,-0.035498,2.1789,3.0822,1.0826,1.5343,0.41761,1.7351
NID,09/22/18 07:46,NA,NA,NA,NA,NA,NA,NA
NID,09/23/18 06:59,-0.027934,1.3117,1.427,0.43346,1.0677,0.52582,0.47669
NID,09/30/18 07:57,2.6349,1.5381,1.0815,0.11294,1.0449,0.1734,0.17202
NID,10/02/2018 07:05,NA,NA,NA,NA,NA,NA,NA
NID,10/08/2018 07:23,-0.10174,1.3149,0.25068,0.83912,1.4183,0.080398,0.52475
NID,10/09/2018 07:27,NA,NA,NA,NA,NA,NA,NA
NID,10/17/18 07:03,0.047503,0.95026,1.0392,1.6227,2.3258,0.048284,0.67877
NID,10/19/18 12:28,0.95393,0.086508,1.5556,0.53352,0.37901,0.88109,0.20525
NID,10/23/18 07:32,0.19307,0.012421,0.36102,0.34692,0.078836,0.10364,0.2569
NID,10/31/18 06:46,0.1061,1.2443,3.2118,1.2955,-0.2,0.67038,0.11616
NID,11/01/2018 07:30,NA,NA,NA,NA,NA,NA,NA
NID,11/06/2018 06:45,NA,NA,NA,NA,NA,NA,NA
NID,11/08/2018 05:04,1.7697,-0.01924,0.39008,0.81492,0.72151,0.91054,0.37819
NID,11/14/18 06:58,0.026183,1.0453,0.98639,2.6415,1.7228,1.5846,1.956
NID,11/16/18 06:26,0.089282,1.4217,0.95805,-0.098405,0.26831,0.18618,1.2822
NID,11/21/18 06:36,NA,NA,NA,NA,NA,NA,NA
NID,11/24/18 07:02,0.20152,0.4049,0.28439,-0.2,0.14092,0.46324,1.5917
NID,11/26/18 07:00,3.3179,-0.086843,1.6334,1.5327,1.402,1.7711,0.53226
NID,12/03/2018 06:50,1.3337,1.2007,2.9547,0.15049,1.6997,1.5448,-0.2
NID,12/04/2018 07:10,NA,NA,NA,NA,NA,NA,NA
NID,12/10/2018 08:12,0.038532,1.275,4.8588,0.7162,0.72222,0.67314,1.6472
NID,12/12/2018 06:50,NA,NA,NA,NA,NA,NA,NA
NID,12/18/18 12:28,NA,NA,NA,NA,NA,NA,NA
NID,12/26/18 05:43,-0.004458,1.3051,0.77274,0.0014357,0.11507,0.13321,0.22049
NID,12/28/18 06:05,NA,NA,NA,NA,NA,NA,NA
NID,01/01/2019 06:15,NA,NA,NA,NA,NA,NA,NA
NID,01/10/2019 14:21,1.5514,0.062397,0.65285,2.0934,1.4425,0.022201,1.4639
NID,01/21/19 07:26,NA,NA,NA,NA,NA,NA,NA
NID,01/25/19 06:05,0.49242,0.27351,0.87163,1.2924,0.5389,0.19947,0.42781
NID,01/26/19 06:15,0.10812,0.68664,0.67633,0.31581,1.3992,0.4372,0.35156
NID,02/15/19 08:29,0.99437,0.56257,0.0065121,0.64486,1.7471,1.3056,0.19127
NID,02/17/19 07:35,NA,NA,NA,NA,NA,NA,NA
NID,02/19/19 07:50,0.3839,0.55196,0.27358,1.0137,0.72183,0.18748,0.50518
NID,02/23/19 06:47,0.62052,-0.11292,0.56397,1.072,0.025028,0.25069,1.7998
NID,02/27/19 04:31,1.4111,0.13517,-0.15874,1.3248,-0.2,-0.031159,0.1751
NID,03/05/2019 06:32,NA,NA,NA,NA,NA,NA,NA
NID,03/09/2019 05:10,0.0078226,0.79256,0.20279,0.1902,1.9736,0.41577,0.5806
NID,03/13/19 04:31,NA,NA,NA,NA,NA,NA,NA
NID,03/16/19 04:52,0.34458,1.4511,-0.2,0.5414,1.8008,3.1837,0.50743
NID,03/20/19 06:18,2.2969,-0.2,1.9307,2.1388,1.7404,1.6874,0.29937
NID,03/24/19 05:37,0.98573,1.784,0.79007,-0.11254,0.74564,2.4369,1.0199
NID,03/27/19 06:05,0.18012,0.51705,0.6431,2.5,2.5823,0.073507,0.75307
NID,03/31/19 06:16,0.30645,0.28206,0.3068,0.95721,0.52888,0.42591,0.39849
NID,04/02/2019 06:55,-0.024839,1.9349,0.59944,0.30763,-0.2,0.13928,1.11
NID,04/08/2019 06:32,2.9703,0.19755,-0.2,4.0371,0.0038846,0.71607,0.35821
NID,04/10/2019 07:25,0.65088,0.52327,-0.092265,0.41566,1.3317,3.7181,0.33086
NID,04/17/19 05:57,3.6718,-0.05423,0.13164,2.2567,2.3601,0.93848,2.4947
NID,04/18/19 09:05,1.1781,0.72611,0.43521,1.9313,1.0858,-0.2,1.5988
NID,04/22/19 09:16,1.2484,-0.2,-0.089021,3.35,1.6003,0.81853,0.28131
NID,04/24/19 08:00,1.1417,0.78548,-0.11005,0.94835,1.0796,0.71018,0.45573
NID,04/29/19 08:22,1.475,1.3663,0.33833,1.0266,1.0161,0.12477,0.65528
NID,04/30/19 06:42,NA,NA,NA,NA,NA,NA,NA
NID,05/07/2019 07:00,0.94938,-0.2,0.77575,1.7588,0.26177,0.14908,0.32861
NID,05/09/2019 06:16,0.5096,0.41748,0.2165,1.4834,1.2267,0.60985,0.49305
NID,05/12/2019 08:55,0.93713,0.16839,0.23042,0.29281,0.46153,0.5569,-0.051683
NID,05/15/19 08:55,NA,NA,NA,NA,NA,NA,NA
NID,05/20/19 07:47,2.3669,0.97546,0.57936,1.7535,0.73858,0.76141,0.8183
NID,05/22/19 09:10,NA,NA,NA,NA,NA,NA,NA
NID,05/26/19 06:30,2.2112,0.53613,0.62073,1.8577,-0.11285,0.14251,0.08414
NID,05/27/19 08:02,5.0958,2.7795,0.61145,2.6304,-0.2,0.72334,1.1172
NID,06/04/2019 08:49,4.3521,-0.065083,-0.15749,4.7305,0.10296,0.58583,0.88376
NID,06/07/2019 08:57,-0.2,0.079548,0.10926,4.3772,2.5642,1.0583,2.698
NID,06/12/2019 09:10,NA,NA,NA,NA,NA,NA,NA
NID,06/13/19 08:07,3.0539,1.348,0.5556,3.2086,0.60063,0.071132,4.1999
NID,06/19/19 08:21,-0.16329,2.8369,1.7929,2.4436,0.24249,-0.2,7.0892
NID,06/23/19 07:41,1.4663,1.2194,0.9179,2.3744,2.1768,0.74589,3.129
NID,06/26/19 07:13,0.015082,1.2019,0.43894,2.2733,-0.10792,-0.047203,0.6383
NID,06/29/19 08:49,0.39415,1.6713,0.2973,0.31466,1.0169,0.58309,1.2729
NID,07/03/2019 08:45,NA,NA,NA,NA,NA,NA,NA
NID,07/10/2019 09:16,0.97354,1.8392,0.94577,1.8555,-0.2,2.7467,2.619
NID,07/12/2019 08:34,2.3864,0.3552,0.014246,4.8982,1.4215,2.01,4.9812
NID,07/14/19 06:33,-0.089628,1.9472,0.35267,0.43586,0.98408,2.6144,2.778
NID,07/15/19 06:50,NA,NA,NA,NA,NA,NA,NA
NID,07/23/19 11:17,1.3058,1.5004,1.2896,2.0322,-0.2,1.3889,3.7118
NID,07/27/19 11:21,0.56681,0.67391,0.40626,0.40747,0.14587,0.30209,-0.014988
NID,08/06/2019 06:52,NA,NA,NA,NA,NA,NA,NA
NID,08/07/2019 08:57,-0.10306,2.0415,0.78017,1.0424,1.1324,0.8126,1.9157
NID,08/10/2019 06:54,0.28812,0.44162,0.9264,0.25159,-0.040856,0.923,1.109
NID,08/12/2019 06:50,0.043733,0.3823,1.4054,0.83843,0.98037,0.56463,0.80051
NID,08/17/19 12:19,-0.097831,2.8708,0.93632,0.18832,0.031315,0.73361,1.1445
NID,08/23/19 06:23,0.30157,0.79722,1.173,1.2474,2.3345,2.2825,0.84468
NID,08/25/19 12:21,0.61327,0.20273,-0.014396,1.1194,1.6814,0.97129,0.59624
NID,08/29/19 10:05,-0.077465,2.371,2.1311,0.18005,1.38,1.1443,1.8692
NID,09/01/2019 07:27,2.4342,0.49745,-0.2,0.79772,0.27965,2.4144,-0.18734
NID,09/05/2019 07:40,0.65254,1.1284,1.6072,1.4445,1.864,0.49462,0.34165
NID,09/11/2019 08:41,-0.2,3.9611,1.8739,0.48061,0.85757,0.71376,0.49586
NID,09/13/19 12:16,NA,NA,NA,NA,NA,NA,NA
NID,09/15/19 06:52,0.16322,1.9381,0.74759,0.094885,0.89166,0.3328,-0.071949
NID,09/20/19 05:50,0.042539,1.9362,1.5418,0.25785,0.254,0.82691,-0.089074
NID,09/23/19 06:09,NA,NA,NA,NA,NA,NA,NA
NID,09/27/19 08:25,0.085061,1.013,2.0593,0.1638,1.335,1.0155,1.1534
NID,10/01/2019 06:53,-0.088562,2.6353,2.9111,0.079543,1.7285,0.92645,0.3617
NID,10/03/2019 06:28,0.33116,0.8912,0.70523,0.039736,0.21403,0.74224,0.28409
NID,10/05/2019 04:38,1.1343,1.1018,1.1219,-0.15455,-0.2,2.731,-0.096022
NID,10/09/2019 10:48,0.171,1.1281,0.50453,0.4988,1.4548,0.72815,1.0464
NID,10/17/19 06:32,0.10421,1.2945,0.68086,0.50481,0.97776,0.62915,0.22678
NID,10/21/19 07:25,0.11008,1.0982,1.9018,0.62983,0.98511,0.35541,0.7808
NID,10/23/19 09:02,0.35491,0.68169,0.95732,0.37815,1.0359,1.9379,0.39682
NID,10/26/19 07:43,3.6849,1.1681,1.8007,-0.14724,1.9545,2.8702,-0.097688
NID,10/30/19 06:49,0.25615,1.6165,2.2647,-0.024693,1.3119,3.0942,0.61240000000000006
NID,11/03/2019 06:30,0.078801,0.3241,-0.2,-0.11904000000000001,1.3575,0.63913,0.10894
NID,11/06/2019 11:44,1.937,0.41047,1.1685,1.1147,1.7458,1.9295,0.71013
NID,11/09/2019 12:00,0.049224,0.50331,0.31483,0.10749,1.0236,0.25739,0.033254
NID,11/12/2019 06:33,NA,NA,NA,NA,NA,NA,NA
NID,11/20/19 12:16,0.11891,0.54422,0.20892,-0.0039278,3.4603,0.59583,0.40161
NID,11/21/19 12:09,0.11959,0.57481,1.51,0.62344,1.097,0.7846,0.70176
NID,11/27/19 12:22,NA,NA,NA,NA,NA,NA,NA
NID,11/29/19 12:55,4.3955,0.15113,1.5609,0.35032,0.48736,2.8739,0.264
NID,12/02/2019 05:33,2.4081,0.010533,1.9079,-0.05496,1.7126,3.6174,1.0457
NID,12/05/2019 12:55,1.2121,1.1223,1.1366,1.6754,1.832,2.5353,0.45985
NID,12/11/2019 12:41,0.30351,3.2666,2.0183,-0.099643,0.72061,0.60542,1.2908
NID,12/12/2019 12:37,0.87125,1.3347,1.5624,0.41971,1.4642,0.32023,1.819
NID,12/15/19 11:52,-0.03376,0.78257,0.94255,0.71935,-0.2,0.13451,0.21089
NID,01/09/2020 11:57,NA,NA,NA,NA,NA,NA,NA
NID,01/11/2020 12:09,0.48875999999999997,2.7171,0.60791,-0.2,1.0365,0.77161,-0.2
NID,01/13/20 07:05,0.85819,0.55234,1.0938,0.44267,1.8898,2.8891,3.4641
NID,01/25/20 06:51,2.784,1.6943,2.5178,-0.14425,2.2051,0.62634,0.77804
NID,01/27/20 06:45,0.8113,0.22335,2.1767,2.3597,2.1794,0.7992,2.7509
NID,02/01/2020 07:35,0.22402,0.18996,0.2751,0.012446,-0.19623,0.21676,-0.0091728
NID,02/08/2020 07:21,NA,NA,NA,NA,NA,NA,NA
NID,02/22/20 06:33,1.5402,0.21666,1.9705,0.40391,1.3573,1.3017,1.2193
NID,02/28/20 13:17,NA,NA,NA,NA,NA,NA,NA
