site,date,date.end,PM2.5
NID,2018-09-01T15:46:00Z,2018-09-02T10:41:00Z,7.350910645009878
NID,2018-09-02T10:45:00Z,2018-09-03T10:10:00Z,7.543550712355253
NID,2018-09-03T10:12:00Z,2018-09-04T10:20:00Z,3.322993609993922
NID,2018-09-04T10:24:00Z,2018-09-05T10:20:00Z,4.643713488221162
NID,2018-09-05T10:22:00Z,2018-09-06T10:07:00Z,2.441259123972937
NID,2018-09-06T10:20:00Z,2018-09-07T09:31:00Z,6.569597088383504
NID,2018-09-07T09:33:00Z,2018-09-08T09:50:00Z,5.494898017320295
NID,2018-09-08T09:51:00Z,2018-09-09T09:17:00Z,5.137905819577438
NID,2018-09-09T09:19:00Z,2018-09-10T10:15:00Z,6.402707567399768
NID,2018-09-25T10:38:00Z,2018-09-26T09:37:00Z,8.001944946280638
NID,2018-09-26T09:41:00Z,2018-09-27T10:09:00Z,8.197960630276972
NID,2018-09-27T10:12:00Z,2018-09-28T10:02:00Z,8.346443326934462
NID,2018-09-28T10:04:00Z,2018-09-29T09:32:00Z,4.213895735409168
NID,2018-09-29T09:42:00Z,2018-09-30T10:55:00Z,2.0496403471107487
NID,2018-09-30T10:57:00Z,2018-10-01T10:02:00Z,3.4868646703499784
NID,2018-10-01T10:04:00Z,2018-10-02T10:03:00Z,4.68778625936854
NID,2018-10-02T10:05:00Z,2018-10-03T10:24:00Z,6.1550203777788735
NID,2018-10-03T10:26:00Z,2018-10-04T10:03:00Z,2.054573076399266
MIC,2018-08-24T06:40:00Z,2018-08-25T07:14:00Z,7.524467633712844
MIC,2018-08-25T07:20:00Z,2018-08-26T07:19:00Z,3.3908248679091355
MIC,2018-08-26T07:25:00Z,2018-08-27T12:44:00Z,4.555934558775327
MIC,2018-08-27T12:48:00Z,2018-08-28T06:53:00Z,6.4202119985374475
MIC,2018-08-28T06:55:00Z,2018-08-29T06:39:00Z,1.174633489020276
MIC,2018-08-29T06:44:00Z,2018-08-30T06:39:00Z,7.729279253841693
MIC,2018-08-30T06:43:00Z,2018-08-31T06:37:00Z,5.7680812910916215
MIC,2018-08-31T06:40:00Z,2018-09-01T07:14:00Z,12.00384506850989
MIC,2018-09-01T07:19:00Z,2018-09-02T08:39:00Z,11.08423632610725
MIC,2020-01-24T14:30:00Z,2020-01-25T13:39:00Z,6.1592233224692565
MIC,2020-01-25T13:41:00Z,2020-01-26T17:35:00Z,6.600686708211825
MIC,2020-01-26T17:37:00Z,2020-01-27T12:44:00Z,4.967931942004189
MIC,2020-01-27T12:46:00Z,2020-01-28T13:00:00Z,6.250033055502311
MIC,2020-01-28T13:02:00Z,2020-01-29T09:35:00Z,7.674069675913095
MIC,2020-01-29T09:37:00Z,2020-01-30T09:39:00Z,5.837937933216974
MIC,2020-01-30T09:41:00Z,2020-01-31T15:19:00Z,8.767590803677706
MIC,2020-01-31T15:21:00Z,2020-02-02T14:53:00Z,5.5830039525680935
MIC,2020-02-02T14:55:00Z,2020-02-03T09:22:00Z,1.7951034211171135
MIC,2018-09-02T08:44:00Z,2018-09-03T06:28:00Z,2.7111970878091327
MIC,2020-02-03T09:33:00Z,2020-02-04T14:45:00Z,2.7223813537751114
MIC,2020-02-04T14:47:00Z,2020-02-05T17:05:00Z,2.0535505155307407
MIC,2020-02-06T08:23:00Z,2020-02-07T08:49:00Z,4.15566935894401
MIC,2020-02-07T08:51:00Z,2020-02-08T13:43:00Z,3.302214106670767
MIC,2020-02-08T13:45:00Z,2020-02-09T09:41:00Z,5.491510541527248
MIC,2020-02-09T09:43:00Z,2020-02-10T13:14:00Z,4.2120384165885145
MIC,2020-02-10T13:16:00Z,2020-02-11T08:09:00Z,3.3859985316269037
MIC,2020-02-11T08:11:00Z,2020-02-12T16:05:00Z,3.0234036823658905
MIC,2018-09-03T06:31:00Z,2018-09-04T06:53:00Z,2.933391167014855
MIC,2020-02-12T16:07:00Z,2020-02-13T12:54:00Z,4.174157138593223
MIC,2020-02-13T12:54:00Z,2020-02-14T09:56:00Z,7.155613527470801
MIC,2020-02-14T09:58:00Z,2020-02-15T07:33:00Z,7.394219190463534
MIC,2020-02-15T07:35:00Z,2020-02-16T09:46:00Z,7.258308481050204
MIC,2020-02-16T09:48:00Z,2020-02-18T11:21:00Z,5.914464750656153
MIC,2020-02-19T13:40:00Z,2020-02-20T11:14:00Z,4.590664785852965
MIC,2020-02-20T11:16:00Z,2020-02-21T16:03:00Z,7.98689258786498
MIC,2020-02-21T16:06:00Z,2020-02-22T09:31:00Z,5.9018128887097
MIC,2020-02-22T09:39:00Z,2020-02-23T10:32:00Z,6.502165983219479
MIC,2018-09-04T06:58:00Z,2018-09-05T06:56:00Z,2.862107269815682
MIC,2020-02-23T10:35:00Z,2020-02-24T12:00:00Z,4.42004796874414
MIC,2020-02-24T12:02:00Z,2020-02-25T08:37:00Z,4.832218298061314
MIC,2020-02-25T08:49:00Z,2020-02-27T12:43:00Z,2.721003137166722
MIC,2020-02-27T12:45:00Z,2020-02-28T13:02:00Z,6.413475939218494
MIC,2020-02-28T13:04:00Z,2020-02-29T12:58:00Z,5.46886634102838
MIC,2020-02-29T13:00:00Z,2020-03-01T10:02:00Z,3.327012128308176
MIC,2020-03-01T10:04:00Z,2020-03-03T13:02:00Z,2.7246145667188526
MIC,2020-03-03T14:00:00Z,2020-03-04T16:40:00Z,2.8489950117352496
MIC,2020-03-04T16:42:00Z,2020-03-05T14:32:00Z,3.4172959893566035
MIC,2018-09-05T06:59:00Z,2018-09-06T06:54:00Z,5.0165240777106606
MIC,2020-03-05T14:34:00Z,2020-03-06T16:10:00Z,4.802654216714739
MIC,2020-03-06T17:00:00Z,2020-03-07T10:27:00Z,5.14278521874685
MIC,2020-03-07T10:30:00Z,2020-03-08T10:36:00Z,6.238901898486321
MIC,2020-06-07T16:00:00Z,2020-06-08T15:41:00Z,6.9288701289775165
MIC,2020-06-08T15:43:00Z,2020-06-09T08:20:00Z,8.794717485787334
MIC,2020-06-09T08:23:00Z,2020-06-11T14:39:00Z,3.9014208674554713
MIC,2020-06-11T14:41:00Z,2020-06-12T12:56:00Z,5.74059211699416
MIC,2020-06-12T12:58:00Z,2020-06-13T09:43:00Z,8.953069963064667
MIC,2020-06-13T09:45:00Z,2020-06-14T10:58:00Z,6.1504002349981874
MIC,2018-09-06T06:57:00Z,2018-09-07T07:41:00Z,4.052628982572773
MIC,2020-06-14T11:00:00Z,2020-06-15T08:19:00Z,2.7184501092772355
MIC,2020-06-15T08:22:00Z,2020-06-16T15:39:00Z,5.36793012184674
MIC,2020-06-16T15:41:00Z,2020-06-18T10:50:00Z,3.893757521305276
MIC,2020-06-18T10:53:00Z,2020-06-19T07:40:00Z,9.869946374697957
MIC,2020-06-19T07:43:00Z,2020-06-20T10:43:00Z,6.940170321291329
NID,2020-02-22T09:33:00Z,2020-02-24T09:18:00Z,5.515037431631923
NID,2020-02-28T16:17:00Z,2020-02-29T09:28:00Z,7.256172898865096
MIC,2018-09-07T07:49:00Z,2018-09-08T07:32:00Z,6.5903312456270715
MIC,2020-06-20T10:43:00Z,2020-06-22T13:19:00Z,4.511830259112273
MIC,2020-06-22T13:21:00Z,2020-06-23T16:17:00Z,10.695632256721977
MIC,2020-06-23T16:19:00Z,2020-06-24T11:32:00Z,10.505119775170606
MIC,2020-06-24T11:34:00Z,2020-06-25T14:39:00Z,15.607434777738224
MIC,2020-06-25T14:41:00Z,2020-06-26T09:38:00Z,6.99635359663328
MIC,2020-06-26T09:40:00Z,2020-06-27T15:56:00Z,3.6345485330677767
MIC,2020-06-27T15:58:00Z,2020-06-28T10:55:00Z,1.8557458922803631
MIC,2020-06-28T10:58:00Z,2020-06-29T08:28:00Z,1.8866944541803852
MIC,2018-09-08T07:36:00Z,2018-09-09T07:43:00Z,7.239188841597607
MIC,2020-06-29T08:30:00Z,2020-06-30T08:25:00Z,2.925238574783046
MIC,2020-06-30T08:27:00Z,2020-07-01T08:25:00Z,6.895678350314308
MIC,2020-07-01T08:27:00Z,2020-07-02T08:33:00Z,5.548586316701297
MIC,2020-07-02T08:35:00Z,2020-07-03T08:31:00Z,8.5676343164874
MIC,2020-07-03T08:33:00Z,2020-07-04T17:24:00Z,6.634336317461763
MIC,2020-07-04T17:27:00Z,2020-07-05T16:29:00Z,12.053476093154543
MIC,2020-07-05T16:33:00Z,2020-07-07T14:48:00Z,8.221601883572268
MIC,2020-07-07T14:50:00Z,2020-07-08T17:08:00Z,6.376295174465939
MIC,2018-09-09T07:47:00Z,2018-09-10T07:24:00Z,3.930825060487101
MIC,2020-07-10T08:27:00Z,2020-07-11T15:27:00Z,3.809161819141457
MIC,2020-07-11T15:30:00Z,2020-07-12T16:26:00Z,8.27199138514922
MIC,2020-07-12T16:29:00Z,2020-07-14T15:54:00Z,2.8420950853413176
MIC,2020-07-14T15:57:00Z,2020-07-15T11:36:00Z,6.07619661605526
MIC,2020-07-15T11:39:00Z,2020-07-16T08:34:00Z,6.663721682305641
MIC,2020-07-16T08:36:00Z,2020-07-17T17:33:00Z,6.028620852101107
MIC,2020-07-17T17:35:00Z,2020-07-18T11:43:00Z,7.722517617249874
MIC,2020-07-18T11:47:00Z,2020-07-19T07:19:00Z,10.515421564906465
MIC,2020-07-19T07:21:00Z,2020-07-20T17:13:00Z,4.172111901981281
MIC,2020-03-08T11:54:00Z,2020-03-09T10:10:00Z,6.09558127334678
MIC,2018-09-10T07:26:00Z,2018-09-11T06:53:00Z,4.064498933899824
MIC,2020-03-09T10:20:00Z,2020-03-10T08:04:00Z,6.606613093692716
MIC,2020-03-10T08:06:00Z,2020-03-11T15:11:00Z,8.144351077076713
MIC,2020-03-11T15:13:00Z,2020-03-13T08:24:00Z,6.458121277525129
MIC,2020-03-14T11:50:00Z,2020-03-16T12:35:00Z,8.82133636039774
MIC,2020-03-16T12:37:00Z,2020-03-17T08:09:00Z,16.824719238123816
MIC,2020-03-17T08:11:00Z,2020-03-19T08:18:00Z,6.16806124253186
MIC,2020-03-19T08:21:00Z,2020-03-20T12:57:00Z,8.891058538233997
MIC,2020-03-20T13:00:00Z,2020-03-21T15:24:00Z,5.428023958172594
MIC,2018-09-11T06:55:00Z,2018-09-12T06:53:00Z,4.0643421576333765
MIC,2020-03-21T15:26:00Z,2020-03-22T08:58:00Z,7.577357862525708
MIC,2020-03-22T09:00:00Z,2020-03-23T12:31:00Z,3.5427927614461123
MIC,2020-03-23T12:33:00Z,2020-03-24T14:33:00Z,5.042865997920015
MIC,2020-03-24T14:35:00Z,2020-03-25T09:06:00Z,3.3308159789791785
MIC,2020-03-25T09:08:00Z,2020-03-26T14:27:00Z,4.689830900821616
MIC,2020-03-26T14:30:00Z,2020-03-27T10:26:00Z,3.6608591420334062
MIC,2020-03-27T10:28:00Z,2020-03-28T13:24:00Z,2.9791194480873124
MIC,2020-03-28T13:26:00Z,2020-03-29T12:48:00Z,3.4801384297763827
MIC,2020-03-29T12:50:00Z,2020-03-30T12:40:00Z,5.166038150328901
MIC,2020-03-30T12:42:00Z,2020-03-31T11:04:00Z,5.56705399429572
MIC,2020-03-31T11:06:00Z,2020-04-01T07:41:00Z,7.5059831777883455
MIC,2020-04-01T07:43:00Z,2020-04-02T14:15:00Z,4.3375059691255915
MIC,2020-04-02T14:17:00Z,2020-04-03T17:19:00Z,3.577242652093749
MIC,2020-04-03T17:21:00Z,2020-04-04T11:33:00Z,6.3960953136179945
MIC,2020-04-04T11:35:00Z,2020-04-05T13:21:00Z,7.191089419418411
MIC,2020-04-05T13:23:00Z,2020-04-06T14:25:00Z,4.23210984189404
MIC,2020-04-06T14:27:00Z,2020-04-07T14:27:00Z,6.148652506563778
MIC,2020-04-07T14:29:00Z,2020-04-08T14:30:00Z,6.015997562850437
MIC,2020-04-08T14:40:00Z,2020-04-09T13:31:00Z,4.677958340852341
MIC,2020-04-09T13:33:00Z,2020-04-10T16:55:00Z,5.863769532459195
MIC,2020-04-10T17:00:00Z,2020-04-11T10:40:00Z,2.5186053363018863
MIC,2020-07-29T17:20:00Z,2020-07-30T17:35:00Z,4.5809045566771465
MIC,2020-07-30T17:39:00Z,2020-07-31T14:21:00Z,4.992267975357467
MIC,2020-08-12T17:39:00Z,2020-08-13T17:24:00Z,6.080871694904804
MIC,2020-08-13T17:26:00Z,2020-08-15T16:10:00Z,3.0111589343988965
MIC,2020-08-17T08:30:00Z,2020-08-18T13:11:00Z,6.5088812819510276
MIC,2018-09-12T06:56:00Z,2018-09-13T06:40:00Z,7.362707952266846
MIC,2020-08-25T11:36:00Z,2020-08-26T17:42:00Z,3.653494900886085
MIC,2020-08-26T17:44:00Z,2020-08-27T17:37:00Z,6.736442239383703
MIC,2020-08-29T15:19:00Z,2020-08-30T14:30:00Z,10.280531043608056
MIC,2020-08-30T14:32:00Z,2020-09-01T15:25:00Z,2.4737492696647143
MIC,2020-09-01T15:30:00Z,2020-09-02T08:30:00Z,4.038989333104168
MIC,2020-07-31T14:24:00Z,2020-08-01T12:52:00Z,5.593797516741719
MIC,2020-04-11T10:42:00Z,2020-04-12T15:53:00Z,5.810858541504532
MIC,2018-09-13T06:45:00Z,2018-09-14T06:40:00Z,5.042223837056814
MIC,2020-04-13T07:22:00Z,2020-04-14T17:19:00Z,3.8035314769083906
MIC,2020-04-14T17:21:00Z,2020-04-15T14:45:00Z,4.096319419327241
MIC,2020-04-16T16:37:00Z,2020-04-18T10:54:00Z,6.455042425729876
MIC,2020-04-18T10:56:00Z,2020-04-19T14:59:00Z,2.911386941575421
MIC,2020-04-19T15:00:00Z,2020-04-20T15:40:00Z,3.6616300618314415
MIC,2020-04-20T15:42:00Z,2020-04-21T16:39:00Z,5.923818671511422
MIC,2020-04-22T08:16:00Z,2020-04-23T15:50:00Z,7.309501330171512
MIC,2018-09-14T06:43:00Z,2018-09-15T07:47:00Z,1.4765819287076585
MIC,2020-04-23T15:52:00Z,2020-04-25T12:54:00Z,4.064651514076747
MIC,2020-04-25T12:56:00Z,2020-04-26T14:18:00Z,6.274794750535868
MIC,2020-04-26T14:20:00Z,2020-04-27T12:07:00Z,4.595600170576177
MIC,2020-04-27T12:09:00Z,2020-04-28T14:33:00Z,5.116293621892308
MIC,2020-04-28T14:35:00Z,2020-04-29T13:43:00Z,6.4526021704783325
MIC,2020-04-29T13:45:00Z,2020-04-30T11:42:00Z,7.493784604787003
MIC,2020-04-30T11:45:00Z,2020-05-01T18:11:00Z,7.431131673516883
MIC,2020-05-01T18:14:00Z,2020-05-03T12:07:00Z,7.370363856755457
MIC,2020-05-03T12:10:00Z,2020-05-04T13:05:00Z,3.4750367257206745
MIC,2018-09-15T07:50:00Z,2018-09-16T07:11:00Z,3.289401525082136
MIC,2020-05-04T13:12:00Z,2020-05-05T11:57:00Z,5.332865821661674
MIC,2020-05-05T12:00:00Z,2020-05-06T09:38:00Z,6.978462870966062
MIC,2020-05-06T09:40:00Z,2020-05-07T10:35:00Z,5.148412790312588
MIC,2020-05-07T10:40:00Z,2020-05-09T15:22:00Z,4.017604676716199
MIC,2020-05-09T15:24:00Z,2020-05-10T15:03:00Z,4.466107577932009
MIC,2020-05-10T15:05:00Z,2020-05-11T12:53:00Z,6.058336499392259
MIC,2020-05-11T12:55:00Z,2020-05-12T10:41:00Z,6.587435503168836
MIC,2020-05-12T10:44:00Z,2020-05-13T08:48:00Z,17.555423606792875
MIC,2020-05-13T09:04:00Z,2020-05-14T10:19:00Z,8.360208047443933
MIC,2018-09-16T07:13:00Z,2018-09-17T06:40:00Z,2.9230719529206075
MIC,2020-05-14T10:21:00Z,2020-05-15T12:48:00Z,3.896972983004316
MIC,2020-05-15T12:50:00Z,2020-05-16T14:39:00Z,5.548155986033362
MIC,2020-05-16T14:41:00Z,2020-05-17T15:35:00Z,11.044068293471929
MIC,2020-05-17T15:38:00Z,2020-05-18T08:21:00Z,6.670352292251198
MIC,2020-05-18T08:23:00Z,2020-05-19T14:54:00Z,12.028484210468994
MIC,2020-05-19T14:56:00Z,2020-05-20T11:44:00Z,5.911036116465344
MIC,2020-05-20T11:46:00Z,2020-05-21T11:40:00Z,5.514254933342178
MIC,2020-05-21T11:42:00Z,2020-05-22T10:16:00Z,7.601988568815892
MIC,2020-05-22T10:18:00Z,2020-05-23T10:31:00Z,8.602890571229711
MIC,2020-05-23T10:33:00Z,2020-05-24T17:19:00Z,4.117321079436893
MIC,2018-09-17T06:44:00Z,2018-09-18T06:53:00Z,1.578828376701126
MIC,2020-05-25T08:21:00Z,2020-05-26T16:37:00Z,4.325181881998378
MIC,2020-08-02T13:57:00Z,2020-08-04T15:21:00Z,3.6363530098907018
MIC,2020-08-04T15:23:00Z,2020-08-05T08:20:00Z,4.3365565504342785
MIC,2020-08-05T08:22:00Z,2020-08-06T17:36:00Z,5.398438574471245
MIC,2020-08-06T17:38:00Z,2020-08-07T17:41:00Z,4.622808020864374
MIC,2020-08-07T17:43:00Z,2020-08-08T10:01:00Z,11.031169525862348
MIC,2020-08-08T10:03:00Z,2020-08-10T17:37:00Z,8.57671602934222
NID,2018-09-10T10:17:00Z,2018-09-11T10:10:00Z,6.80992371922671
MIC,2020-08-10T17:39:00Z,2020-08-11T17:04:00Z,12.86093968196551
MIC,2020-08-11T17:06:00Z,2020-08-12T17:37:00Z,4.880461977174803
NID,2018-09-11T10:13:00Z,2018-09-13T10:08:00Z,3.716193084558949
MIC,2020-09-02T08:33:00Z,2020-09-03T09:13:00Z,8.519015198402586
MIC,2020-09-03T09:52:00Z,2020-09-04T10:06:00Z,8.44294776786539
MIC,2020-09-04T10:08:00Z,2020-09-05T09:55:00Z,4.066017610881011
MIC,2020-09-05T09:57:00Z,2020-09-06T16:21:00Z,5.848429537496934
MIC,2020-09-06T16:23:00Z,2020-09-07T16:36:00Z,3.2263409203202342
NID,2018-09-13T10:11:00Z,2018-09-14T09:37:00Z,4.0166024147694435
MIC,2020-09-07T16:38:00Z,2020-09-08T08:55:00Z,4.128559007712367
MIC,2020-09-08T08:57:00Z,2020-09-09T10:18:00Z,3.8356546241948
MIC,2020-09-09T10:20:00Z,2020-09-10T11:09:00Z,10.152423817544944
MIC,2020-09-10T11:11:00Z,2020-09-11T09:22:00Z,9.506011061419438
MIC,2020-09-11T09:24:00Z,2020-09-12T10:34:00Z,12.712747149831296
MIC,2020-09-12T10:36:00Z,2020-09-13T07:19:00Z,14.040163376444209
MIC,2020-09-13T07:21:00Z,2020-09-14T08:21:00Z,10.328435609332535
MIC,2020-09-15T10:55:00Z,2020-09-16T17:32:00Z,7.9091177440237965
NID,2018-09-14T09:40:00Z,2018-09-15T09:48:00Z,9.512646783090336
MIC,2020-09-17T08:27:00Z,2020-09-18T08:29:00Z,8.29417110319723
MIC,2020-09-18T08:31:00Z,2020-09-19T14:09:00Z,11.652809271855205
MIC,2020-09-19T14:11:00Z,2020-09-20T07:18:00Z,14.50492869674669
MIC,2020-09-20T07:20:00Z,2020-09-21T13:12:00Z,5.480135211410526
MIC,2020-09-21T13:15:00Z,2020-09-22T08:23:00Z,9.488865760640223
MIC,2020-09-22T08:26:00Z,2020-09-23T08:29:00Z,5.624144559250779
MIC,2020-09-23T08:32:00Z,2020-09-24T17:40:00Z,8.02163108975169
MIC,2020-09-24T17:42:00Z,2020-09-25T11:55:00Z,7.651976349441448
NID,2018-09-15T09:52:00Z,2018-09-16T10:56:00Z,1.8077603692336937
MIC,2020-09-25T11:57:00Z,2020-09-26T11:31:00Z,4.651906653220486
MIC,2020-09-26T11:33:00Z,2020-09-27T13:59:00Z,8.417087196684609
MIC,2020-09-27T14:01:00Z,2020-09-28T12:51:00Z,8.354547107564708
MIC,2020-09-28T12:54:00Z,2020-09-29T13:35:00Z,1.012479133477151
MIC,2020-09-29T13:38:00Z,2020-09-30T17:29:00Z,6.918164627015496
MIC,2020-09-30T17:31:00Z,2020-10-01T16:08:00Z,9.586026320539956
MIC,2020-10-01T16:10:00Z,2020-10-02T16:17:00Z,15.10455860144674
MIC,2020-10-02T16:19:00Z,2020-10-03T17:24:00Z,11.662253640744288
MIC,2020-10-03T17:26:00Z,2020-10-04T12:31:00Z,2.366949884900203
NID,2018-09-16T10:58:00Z,2018-09-17T10:31:00Z,1.2632964464152887
MIC,2020-10-04T12:34:00Z,2020-10-05T17:45:00Z,2.16920803072515
MIC,2020-10-05T17:47:00Z,2020-10-06T15:42:00Z,7.261138089147254
MIC,2020-10-06T15:45:00Z,2020-10-07T08:29:00Z,8.365261581408515
MIC,2020-10-07T08:31:00Z,2020-10-08T08:56:00Z,7.481416239533736
MIC,2020-10-08T08:56:00Z,2020-10-09T17:50:00Z,7.591561015635108
NID,2018-09-17T10:34:00Z,2018-09-18T10:30:00Z,3.921599469205365
NID,2018-09-18T10:38:00Z,2018-09-19T09:55:00Z,6.525960248434136
NID,2018-09-19T10:00:00Z,2018-09-20T10:06:00Z,34.5415747060185
NID,2018-09-20T10:10:00Z,2018-09-21T10:24:00Z,9.144578916631788
MIC,2018-09-18T06:55:00Z,2018-09-19T06:54:00Z,6.055852284322927
MIC,2018-09-19T06:56:00Z,2018-09-20T06:54:00Z,6.255935408572745
MIC,2018-09-20T06:57:00Z,2018-09-21T06:27:00Z,7.614468413446852
MIC,2018-09-21T06:33:00Z,2018-09-22T07:52:00Z,5.506101458814405
MIC,2018-09-22T07:58:00Z,2018-09-23T07:27:00Z,5.903253286771491
MIC,2018-09-23T07:32:00Z,2018-09-24T06:40:00Z,5.266981719561138
MIC,2018-09-24T06:44:00Z,2018-09-25T06:52:00Z,4.61156750776289
MIC,2018-09-25T06:55:00Z,2018-09-26T06:27:00Z,5.170412927022904
MIC,2018-09-26T06:32:00Z,2018-09-27T06:28:00Z,7.1987295417043224
MIC,2018-09-27T06:32:00Z,2018-09-28T07:26:00Z,6.897685745043377
NID,2018-09-21T10:26:00Z,2018-09-22T10:44:00Z,10.934123159772266
NID,2018-09-22T10:46:00Z,2018-09-23T09:47:00Z,8.71987960691925
NID,2018-09-23T09:59:00Z,2018-09-24T10:24:00Z,6.608846672619541
NID,2018-09-24T10:26:00Z,2018-09-25T10:34:00Z,1.2206601682067746
MIC,2018-09-28T07:29:00Z,2018-09-29T07:30:00Z,3.0739637722518136
MIC,2018-09-29T07:36:00Z,2018-09-30T07:44:00Z,2.3261582316392007
MIC,2018-09-30T07:50:00Z,2018-10-01T06:54:00Z,2.811346529082125
MIC,2018-10-01T06:57:00Z,2018-10-02T06:54:00Z,5.380232861263296
MIC,2018-10-02T06:57:00Z,2018-10-03T06:26:00Z,1.368101971364562
MIC,2018-10-03T06:28:00Z,2018-10-04T06:52:00Z,2.6337981971521485
MIC,2018-10-04T06:54:00Z,2018-10-05T07:05:00Z,3.09421403569837
MIC,2018-10-05T07:08:00Z,2018-10-06T09:03:00Z,3.1232150200369415
MIC,2018-10-06T09:09:00Z,2018-10-07T08:47:00Z,1.842601774233509
MIC,2018-10-07T08:56:00Z,2018-10-08T07:20:00Z,1.9262850722597111
MIC,2018-10-08T07:25:00Z,2018-10-09T06:55:00Z,2.8683044654334697
MIC,2018-10-09T06:58:00Z,2018-10-10T06:39:00Z,3.789234079334752
MIC,2018-10-10T06:44:00Z,2018-10-11T06:28:00Z,3.4051131595511235
MIC,2018-10-11T06:32:00Z,2018-10-15T07:05:00Z,0.844114250235038
MIC,2018-10-15T07:09:00Z,2018-10-16T06:52:00Z,1.6333782071339735
MIC,2018-10-16T06:55:00Z,2018-10-17T06:39:00Z,1.777555790821379
MIC,2018-10-17T06:43:00Z,2018-10-18T06:39:00Z,1.6434446411698918
NID,2018-10-04T10:05:00Z,2018-10-05T10:25:00Z,4.385217782191758
NID,2018-10-05T10:27:00Z,2018-10-06T09:34:00Z,4.960978906231617
NID,2018-10-06T09:35:00Z,2018-10-07T09:18:00Z,4.235510739945389
NID,2018-10-07T09:19:00Z,2018-10-08T10:21:00Z,2.6007694045959524
NID,2018-10-08T10:23:00Z,2018-10-09T10:24:00Z,3.669100670534556
NID,2018-10-09T10:27:00Z,2018-10-10T09:56:00Z,6.710357533878649
NID,2018-10-10T09:58:00Z,2018-10-11T10:12:00Z,5.926578408015259
NID,2018-10-11T10:14:00Z,2018-10-16T09:51:00Z,2.9966385352850264
NID,2018-10-16T09:56:00Z,2018-10-17T10:00:00Z,0.620776275489125
NID,2018-10-17T10:03:00Z,2018-10-18T10:08:00Z,5.404912659191689
NID,2018-10-18T10:10:00Z,2018-10-19T09:45:00Z,2.7603986869009516
NID,2018-10-19T15:28:00Z,2018-10-22T10:25:00Z,3.029099687700392
NID,2018-10-22T10:27:00Z,2018-10-23T10:29:00Z,5.283145998588708
NID,2018-10-23T10:32:00Z,2018-10-29T10:09:00Z,1.2683673847929449
NID,2018-10-29T10:10:00Z,2018-10-30T10:08:00Z,3.2237292623066613
NID,2018-10-30T10:08:00Z,2018-10-31T09:44:00Z,4.471324398893612
NID,2018-10-31T09:46:00Z,2018-11-01T10:28:00Z,0.6697376588560673
MIC,2018-10-18T06:44:00Z,2018-10-19T07:22:00Z,2.4719811879826827
MIC,2018-10-19T07:27:00Z,2018-10-20T07:31:00Z,1.9924798995593571
MIC,2018-10-20T07:35:00Z,2018-10-21T06:47:00Z,1.995530012769001
MIC,2018-10-21T06:53:00Z,2018-10-22T07:18:00Z,1.1464160537643926
MIC,2018-10-22T07:20:00Z,2018-10-23T07:38:00Z,1.4717649748491888
MIC,2018-10-23T07:41:00Z,2018-10-24T07:17:00Z,0.7376170698800434
MIC,2018-10-24T07:20:00Z,2018-10-25T07:16:00Z,1.3135222484086126
MIC,2018-10-25T07:14:00Z,2018-10-26T07:22:00Z,0.8715443102383985
MIC,2018-10-26T07:26:00Z,2018-10-27T08:27:00Z,1.865125820090636
MIC,2018-10-27T08:29:00Z,2018-10-28T08:30:00Z,1.609808706001321
MIC,2018-10-28T08:35:00Z,2018-10-29T06:26:00Z,1.5124836335702931
NID,2018-11-01T10:30:00Z,2018-11-06T09:43:00Z,2.8801001222085505
NID,2018-11-06T09:45:00Z,2018-11-07T10:30:00Z,5.112589072486429
NID,2018-11-07T10:32:00Z,2018-11-08T07:58:00Z,2.8005226552034097
NID,2018-11-08T08:04:00Z,2018-11-09T09:45:00Z,2.91098910302497
NID,2018-11-09T09:48:00Z,2018-11-12T10:25:00Z,2.2774705228590166
NID,2018-11-12T10:27:00Z,2018-11-13T10:20:00Z,5.161083973014555
NID,2018-11-13T10:22:00Z,2018-11-14T09:55:00Z,4.981752078040282
MIC,2018-10-29T06:31:00Z,2018-10-30T06:52:00Z,1.626811369585374
MIC,2018-10-30T06:54:00Z,2018-10-31T06:39:00Z,2.1682576539366307
MIC,2018-10-31T06:44:00Z,2018-11-01T06:50:00Z,1.888845679313209
MIC,2018-11-01T06:54:00Z,2018-11-02T07:19:00Z,1.6327381007615265
MIC,2018-11-02T07:23:00Z,2018-11-06T06:56:00Z,0.6599354854780707
MIC,2018-11-06T06:58:00Z,2018-11-07T07:36:00Z,0.19456291390251668
MIC,2018-11-07T07:38:00Z,2018-11-08T06:41:00Z,1.305715768068078
MIC,2018-11-08T06:43:00Z,2018-11-09T06:58:00Z,1.4390034364240838
MIC,2018-11-09T07:00:00Z,2018-11-12T12:16:00Z,1.0281150386396356
MIC,2018-11-12T12:31:00Z,2018-11-13T06:53:00Z,1.7505645940815782
MIC,2018-11-13T06:56:00Z,2018-11-14T07:26:00Z,1.3212396069519
MIC,2018-11-14T07:28:00Z,2018-11-15T08:09:00Z,1.114332746375888
MIC,2018-11-15T08:15:00Z,2018-11-16T09:07:00Z,3.017288461547952
MIC,2018-11-16T09:12:00Z,2018-11-17T08:07:00Z,2.6578232763780294
MIC,2018-11-17T08:12:00Z,2018-11-18T07:30:00Z,3.300614528943605
MIC,2018-11-18T07:35:00Z,2018-11-19T07:19:00Z,2.1097595571994394
MIC,2018-11-19T07:19:00Z,2018-11-20T06:54:00Z,2.3225468986730484
MIC,2018-11-20T06:57:00Z,2018-11-21T07:25:00Z,2.0585475979543513
MIC,2018-11-21T07:28:00Z,2018-11-22T06:58:00Z,2.936017692364626
MIC,2018-11-22T07:00:00Z,2018-11-23T07:30:00Z,1.8546971434490709
MIC,2018-11-23T07:35:00Z,2018-11-24T08:26:00Z,4.224854613695155
NID,2018-11-14T09:58:00Z,2018-11-15T09:22:00Z,8.310931467437523
NID,2018-11-15T09:32:00Z,2018-11-16T09:24:00Z,2.230854574895471
NID,2018-11-16T09:26:00Z,2018-11-17T09:29:00Z,4.520609095769975
NID,2018-11-17T09:32:00Z,2018-11-19T09:32:00Z,1.0073731138534083
NID,2018-11-21T09:36:00Z,2018-11-24T10:00:00Z,1.2699260302261686
NID,2018-11-24T10:02:00Z,2018-11-25T09:13:00Z,4.178098534285807
NID,2018-11-25T09:16:00Z,2018-11-26T09:57:00Z,6.13846908452353
NID,2018-11-26T10:00:00Z,2018-11-27T09:58:00Z,4.915183975821808
NID,2018-11-27T10:00:00Z,2018-11-28T09:57:00Z,3.7637907547747136
NID,2018-11-28T10:00:00Z,2018-11-29T10:06:00Z,3.832473485106283
NID,2018-11-29T10:10:00Z,2018-11-30T09:40:00Z,6.554794765352424
NID,2018-11-30T09:43:00Z,2018-12-01T09:19:00Z,3.5450553786180015
NID,2018-12-01T09:33:00Z,2018-12-03T09:47:00Z,4.270870113238078
NID,2018-12-03T09:50:00Z,2018-12-04T10:05:00Z,4.826385398475199
NID,2018-12-04T10:10:00Z,2018-12-06T11:50:00Z,6.629936463362901
NID,2018-12-06T11:55:00Z,2018-12-08T09:15:00Z,1.6897301597127743
NID,2018-12-08T09:17:00Z,2018-12-10T11:10:00Z,2.7989124435036388
NID,2018-12-10T11:12:00Z,2018-12-12T09:45:00Z,9.872617335467032
NID,2018-12-12T09:50:00Z,2018-12-14T08:46:00Z,7.951401016198011
MIC,2018-11-24T08:30:00Z,2018-11-25T08:29:00Z,0.5783672051155143
MIC,2018-11-25T08:32:00Z,2018-11-26T06:40:00Z,3.2544898482099405
MIC,2018-11-26T06:44:00Z,2018-11-28T06:38:00Z,3.583119683552391
MIC,2018-11-28T06:42:00Z,2018-11-29T06:55:00Z,2.4905524553006426
MIC,2018-11-29T07:00:00Z,2018-11-30T06:54:00Z,3.5095246814538985
MIC,2018-11-30T07:00:00Z,2018-12-01T08:18:00Z,4.288178330278528
MIC,2018-12-01T08:22:00Z,2018-12-02T07:48:00Z,2.6906121222708363
MIC,2018-12-02T07:52:00Z,2018-12-03T09:06:00Z,3.08073231400395
MIC,2018-12-03T09:10:00Z,2018-12-04T07:00:00Z,1.688065403316506
MIC,2018-12-04T07:03:00Z,2018-12-05T07:21:00Z,3.491749211524086
MIC,2018-12-05T07:25:00Z,2018-12-06T07:39:00Z,3.4811038098841665
MIC,2018-12-19T07:39:00Z,2018-12-20T07:43:00Z,5.761153525659872
MIC,2018-12-20T07:45:00Z,2018-12-21T07:45:00Z,5.700937217702722
MIC,2018-12-21T07:48:00Z,2018-12-22T08:02:00Z,5.818090412310445
MIC,2018-12-22T08:15:00Z,2018-12-23T08:39:00Z,6.63856104011657
MIC,2018-12-23T08:41:00Z,2018-12-24T08:45:00Z,4.650568372231027
MIC,2018-12-24T08:46:00Z,2018-12-25T08:25:00Z,5.249113134525604
MIC,2018-12-25T08:27:00Z,2018-12-26T09:09:00Z,3.3895846733995563
MIC,2018-12-26T09:12:00Z,2018-12-27T08:40:00Z,4.912958439533303
MIC,2018-12-28T09:07:00Z,2018-12-29T09:04:00Z,5.277739839616947
MIC,2018-12-29T09:07:00Z,2018-12-30T08:34:00Z,4.192433471270713
MIC,2018-12-06T07:43:00Z,2018-12-07T07:20:00Z,4.153409258783153
MIC,2018-12-07T07:23:00Z,2018-12-08T08:11:00Z,5.989706050348317
MIC,2018-12-08T08:15:00Z,2018-12-09T07:56:00Z,3.437514945714369
MIC,2018-12-09T08:00:00Z,2018-12-10T09:00:00Z,6.612499999997238
MIC,2018-12-10T09:03:00Z,2018-12-12T06:48:00Z,8.76808253857281
MIC,2018-12-12T06:52:00Z,2018-12-13T07:30:00Z,12.61693947121619
MIC,2018-12-13T07:34:00Z,2018-12-14T07:18:00Z,7.717668426512208
MIC,2018-12-14T07:22:00Z,2018-12-17T07:22:00Z,9.885715474460428
MIC,2018-12-17T07:44:00Z,2018-12-18T07:46:00Z,11.31728781528054
MIC,2018-12-18T07:48:00Z,2018-12-19T07:37:00Z,4.8527364081135165
NID,2018-12-14T08:50:00Z,2018-12-18T15:25:00Z,9.098744837502448
NID,2018-12-18T15:28:00Z,2018-12-19T16:12:00Z,4.955346119446536
NID,2018-12-19T16:16:00Z,2018-12-21T08:46:00Z,2.553887710518626
NID,2018-12-21T09:47:00Z,2018-12-24T08:27:00Z,2.1380840071868596
NID,2018-12-24T08:28:00Z,2018-12-26T08:41:00Z,1.4845508612345242
NID,2018-12-26T08:43:00Z,2018-12-28T08:44:00Z,2.667027445430048
NID,2018-12-28T09:05:00Z,2018-12-29T08:36:00Z,3.921568627448527
NID,2019-01-01T09:15:00Z,2019-01-03T08:36:00Z,4.542718830527181
NID,2019-01-03T08:36:00Z,2019-01-05T09:17:00Z,5.879584765823941
NID,2019-01-10T17:21:00Z,2019-01-11T16:04:00Z,6.075931417967514
NID,2019-01-24T17:00:00Z,2019-01-25T09:02:00Z,1.741830587981764
NID,2019-01-25T09:05:00Z,2019-01-26T09:10:00Z,3.4380267944263863
NID,2019-01-26T09:15:00Z,2019-01-27T08:41:00Z,2.971311332939456
MIC,2018-12-30T08:45:00Z,2018-12-31T08:23:00Z,3.0372733304311823
MIC,2018-12-31T08:40:00Z,2019-01-01T08:38:00Z,5.425716749203817
MIC,2019-01-01T08:50:00Z,2019-01-02T08:47:00Z,4.662057722364161
MIC,2019-01-02T08:55:00Z,2019-01-03T08:38:00Z,8.337323599351105
MIC,2019-01-03T08:57:00Z,2019-01-04T08:36:00Z,7.567661758285587
MIC,2019-01-04T08:39:00Z,2019-01-05T09:49:00Z,3.0356196954529415
MIC,2019-01-05T09:52:00Z,2019-01-06T07:05:00Z,2.7709228897006946
NID,2019-01-18T09:24:00Z,2019-01-19T08:50:00Z,2.787905020865234
NID,2019-01-19T08:52:00Z,2019-01-20T08:40:00Z,3.415804824601865
NID,2019-01-20T08:42:00Z,2019-01-21T10:24:00Z,3.8467280650172224
NID,2019-01-21T10:26:00Z,2019-01-24T16:59:00Z,2.909106708825944
MIC,2019-01-06T07:10:00Z,2019-01-07T08:18:00Z,0.1135087341959744
MIC,2019-01-07T08:22:00Z,2019-01-08T08:11:00Z,8.253016519283994
MIC,2019-01-08T08:18:00Z,2019-01-09T07:37:00Z,4.6430867165251595
MIC,2019-01-09T07:39:00Z,2019-01-10T07:40:00Z,9.398747868846971
MIC,2019-01-10T07:43:00Z,2019-01-11T07:40:00Z,5.983009042419112
MIC,2019-01-11T07:45:00Z,2019-01-12T08:34:00Z,12.414161591459386
MIC,2019-01-12T08:40:00Z,2019-01-13T08:28:00Z,5.271651807928958
MIC,2019-01-13T08:31:00Z,2019-01-14T07:42:00Z,6.516562384390522
MIC,2019-01-14T07:44:00Z,2019-01-15T07:41:00Z,7.618800790014147
MIC,2019-01-16T07:45:00Z,2019-01-17T07:43:00Z,10.98942442358378
MIC,2019-01-17T07:46:00Z,2019-01-18T07:37:00Z,6.896939086640068
MIC,2019-01-18T07:40:00Z,2019-01-19T08:06:00Z,8.492810378001915
MIC,2019-01-19T08:09:00Z,2019-01-20T07:51:00Z,5.199036340108969
MIC,2019-01-20T07:53:00Z,2019-01-21T07:40:00Z,4.046922003372227
MIC,2019-01-21T07:43:00Z,2019-01-22T07:43:00Z,6.4673725895292815
MIC,2019-01-22T07:50:00Z,2019-01-23T07:40:00Z,6.075510792489457
MIC,2019-01-23T07:43:00Z,2019-01-24T07:39:00Z,6.30491990790705
MIC,2019-01-24T07:42:00Z,2019-01-25T07:43:00Z,5.881636777576433
MIC,2019-01-25T07:46:00Z,2019-01-26T08:22:00Z,1.325556733825715
MIC,2019-01-26T08:26:00Z,2019-01-27T08:33:00Z,5.223939098900627
MIC,2019-01-27T08:35:00Z,2019-01-28T07:40:00Z,3.036661496953981
MIC,2019-01-28T07:42:00Z,2019-01-29T07:40:00Z,9.170199574372637
MIC,2019-01-29T07:43:00Z,2019-01-30T07:39:00Z,12.0439117433208
MIC,2019-01-30T07:42:00Z,2019-01-31T07:34:00Z,9.837399415712088
MIC,2019-01-31T07:36:00Z,2019-02-01T07:43:00Z,9.70976551048651
MIC,2019-02-01T07:45:00Z,2019-02-02T08:02:00Z,10.258396143050854
MIC,2019-02-02T08:05:00Z,2019-02-03T08:32:00Z,3.813922277309059
MIC,2019-02-03T08:34:00Z,2019-02-04T07:40:00Z,2.642039095682315
MIC,2019-02-04T07:43:00Z,2019-02-05T07:43:00Z,2.4489617649974265
MIC,2019-02-05T07:45:00Z,2019-02-06T07:42:00Z,3.592495834984359
MIC,2019-02-06T07:43:00Z,2019-02-07T07:45:00Z,4.202821993118154
MIC,2019-02-07T07:47:00Z,2019-02-08T07:45:00Z,4.790391375292535
MIC,2019-02-08T07:47:00Z,2019-02-09T08:00:00Z,5.301580417776257
MIC,2019-02-09T08:02:00Z,2019-02-10T08:00:00Z,4.00774838277429
MIC,2019-02-10T08:02:00Z,2019-02-11T07:42:00Z,6.98682837767123
MIC,2019-02-11T07:45:00Z,2019-02-12T07:44:00Z,7.230612871342615
MIC,2019-02-12T07:48:00Z,2019-02-13T07:45:00Z,9.268986698196327
MIC,2019-02-13T07:47:00Z,2019-02-14T07:47:00Z,5.649627938438611
MIC,2019-02-14T07:50:00Z,2019-02-15T07:46:00Z,0.3743011390649186
MIC,2019-02-15T07:52:00Z,2019-02-17T08:12:00Z,1.807513214194764
NID,2019-02-14T11:01:00Z,2019-02-15T11:27:00Z,2.4488534121380208
NID,2019-02-15T11:29:00Z,2019-02-16T12:02:00Z,2.1165390851889896
NID,2019-02-16T12:05:00Z,2019-02-17T10:32:00Z,2.202806974286878
NID,2019-02-17T10:35:00Z,2019-02-18T11:56:00Z,4.323327317535715
NID,2019-02-18T11:59:00Z,2019-02-19T10:47:00Z,2.061991856379149
NID,2019-02-19T10:50:00Z,2019-02-20T08:23:00Z,3.726273440462715
NID,2019-02-20T08:26:00Z,2019-02-21T08:30:00Z,2.691496193524256
NID,2019-02-21T08:34:00Z,2019-02-22T08:33:00Z,5.473875134176943
NID,2019-02-22T08:37:00Z,2019-02-23T09:31:00Z,2.3858025179986764
NID,2019-02-23T09:47:00Z,2019-02-24T08:44:00Z,7.494139907115961
NID,2019-02-24T08:47:00Z,2019-02-25T09:24:00Z,2.750243644325344
MIC,2019-02-17T08:16:00Z,2019-02-18T07:31:00Z,0.9555622897710568
MIC,2019-02-18T07:33:00Z,2019-02-19T07:32:00Z,5.9675213344811375
MIC,2019-02-19T07:34:00Z,2019-02-20T07:32:00Z,10.740225622003386
MIC,2019-02-20T07:33:00Z,2019-02-21T07:44:00Z,8.254440373847428
MIC,2019-02-21T07:46:00Z,2019-02-22T07:43:00Z,7.253833587504995
MIC,2019-02-22T07:46:00Z,2019-02-23T08:02:00Z,13.845567688692231
MIC,2019-02-23T08:04:00Z,2019-02-24T08:03:00Z,7.350418682226443
MIC,2019-02-24T08:06:00Z,2019-02-26T10:41:00Z,4.508168588686383
MIC,2019-02-26T10:43:00Z,2019-02-28T12:32:00Z,2.1080843743675275
MIC,2019-02-28T12:34:00Z,2019-03-02T13:32:00Z,5.085849860705509
NID,2019-02-25T09:27:00Z,2019-02-26T07:28:00Z,1.3288668577338705
NID,2019-02-26T07:31:00Z,2019-02-27T07:27:00Z,3.2856025103395794
NID,2019-02-27T07:31:00Z,2019-03-01T07:33:00Z,1.7499199273997157
NID,2019-03-01T07:36:00Z,2019-03-02T09:50:00Z,3.4851520558912945
NID,2019-03-02T09:53:00Z,2019-03-03T09:16:00Z,2.9893196322254183
NID,2019-03-03T09:18:00Z,2019-03-05T09:30:00Z,1.46000285071634
NID,2019-03-05T09:32:00Z,2019-03-07T07:17:00Z,8.52867011651885
NID,2019-03-07T07:23:00Z,2019-03-08T07:20:00Z,5.129817570231924
NID,2019-03-08T07:25:00Z,2019-03-09T08:05:00Z,4.997046949099585
NID,2019-03-09T08:10:00Z,2019-03-10T07:57:00Z,2.3785927093977106
MIC,2019-03-02T13:34:00Z,2019-03-03T09:36:00Z,5.484269194073599
MIC,2019-03-03T09:38:00Z,2019-03-04T09:59:00Z,4.17616329256898
MIC,2019-03-04T10:01:00Z,2019-03-05T09:55:00Z,0.2430059372596109
MIC,2019-03-05T09:57:00Z,2019-03-06T10:51:00Z,7.768767667435387
MIC,2019-03-06T10:53:00Z,2019-03-07T12:24:00Z,7.830439284098261
MIC,2019-03-07T12:27:00Z,2019-03-08T12:21:00Z,6.287432062149171
MIC,2019-03-08T12:24:00Z,2019-03-09T12:51:00Z,6.008993008698227
MIC,2019-03-09T12:53:00Z,2019-03-10T11:51:00Z,6.080285520014421
MIC,2019-03-10T11:55:00Z,2019-03-11T12:01:00Z,1.7399788638578877
MIC,2019-03-11T12:03:00Z,2019-03-12T12:31:00Z,3.342224675841748
MIC,2019-03-12T12:33:00Z,2019-03-13T12:19:00Z,5.113226227252928
MIC,2019-03-13T12:22:00Z,2019-03-14T12:07:00Z,6.422816949130361
MIC,2019-03-14T12:09:00Z,2019-03-15T07:19:00Z,3.2641468210588984
MIC,2019-03-15T07:21:00Z,2019-03-16T13:16:00Z,5.39067353359458
MIC,2019-03-16T13:22:00Z,2019-03-17T08:25:00Z,3.370809392841403
MIC,2019-03-17T08:27:00Z,2019-03-19T12:24:00Z,3.152918973021532
MIC,2019-03-19T12:26:00Z,2019-03-20T07:45:00Z,5.956699104417492
MIC,2019-03-20T07:48:00Z,2019-03-21T12:28:00Z,6.063542400749789
MIC,2019-03-21T12:30:00Z,2019-03-22T10:35:00Z,6.185645207165417
MIC,2019-03-22T10:39:00Z,2019-03-23T09:11:00Z,8.874017251490587
MIC,2019-03-23T09:14:00Z,2019-03-24T08:05:00Z,5.578089394261529
NID,2019-03-10T08:03:00Z,2019-03-12T07:19:00Z,3.8025471328052816
NID,2019-03-12T07:24:00Z,2019-03-13T07:26:00Z,0
NID,2019-03-13T07:31:00Z,2019-03-14T07:30:00Z,5.029525874265732
NID,2019-03-14T07:34:00Z,2019-03-15T07:23:00Z,3.539127387077028
NID,2019-03-15T07:27:00Z,2019-03-16T07:48:00Z,4.893555466173182
NID,2019-03-16T07:52:00Z,2019-03-17T08:43:00Z,3.8689304653163488
NID,2019-03-18T07:35:00Z,2019-03-19T07:30:00Z,4.570567902603311
NID,2019-03-19T07:35:00Z,2019-03-20T09:14:00Z,3.934590421514696
NID,2019-03-20T09:18:00Z,2019-03-21T07:32:00Z,5.554373126586464
NID,2019-03-21T07:36:00Z,2019-03-22T07:29:00Z,4.00420117711796
NID,2019-03-22T07:35:00Z,2019-03-23T08:22:00Z,2.2701550660694214
NID,2019-03-23T08:26:00Z,2019-03-24T08:34:00Z,2.0784477390439395
NID,2019-03-24T08:37:00Z,2019-03-25T07:33:00Z,5.554511972799987
NID,2019-03-25T07:36:00Z,2019-03-26T11:42:00Z,6.82328887345602
NID,2019-03-26T11:46:00Z,2019-03-27T09:01:00Z,4.823502121792441
NID,2019-03-27T09:05:00Z,2019-03-28T10:27:00Z,4.46701837924907
NID,2019-03-28T10:39:00Z,2019-03-29T09:17:00Z,5.157922063226982
NID,2019-03-29T09:23:00Z,2019-03-30T09:23:00Z,6.058635330699561
NID,2019-03-30T09:25:00Z,2019-03-31T09:14:00Z,1.6042758022772186
NID,2019-03-31T09:16:00Z,2019-04-01T09:28:00Z,1.7702634539999438
MIC,2019-03-24T08:07:00Z,2019-03-25T12:16:00Z,5.754011900712638
MIC,2019-03-25T12:18:00Z,2019-03-26T12:24:00Z,5.8186429461976905
MIC,2019-03-28T12:19:00Z,2019-03-29T18:01:00Z,2.2017412694674885
MIC,2019-03-29T18:03:00Z,2019-03-30T13:42:00Z,3.4543965565353325
MIC,2019-03-30T13:44:00Z,2019-03-31T07:56:00Z,3.226339433232847
MIC,2019-03-31T07:58:00Z,2019-04-01T09:00:00Z,3.561011621690367
MIC,2019-04-01T09:02:00Z,2019-04-02T12:12:00Z,6.530462630703531
MIC,2019-04-02T12:14:00Z,2019-04-03T12:12:00Z,7.572326057897101
MIC,2019-04-03T12:14:00Z,2019-04-04T07:45:00Z,10.665532894266647
MIC,2019-04-04T07:47:00Z,2019-04-05T12:17:00Z,16.198746926796282
MIC,2019-04-05T12:19:00Z,2019-04-06T09:42:00Z,2.954070451152046
MIC,2019-04-06T09:44:00Z,2019-04-07T11:23:00Z,2.355482359648422
MIC,2019-04-07T11:25:00Z,2019-04-08T18:09:00Z,4.019481626484465
MIC,2019-04-08T18:14:00Z,2019-04-09T12:19:00Z,2.27165002956155
MIC,2019-04-09T12:21:00Z,2019-04-10T12:25:00Z,4.787567133130997
MIC,2019-04-10T12:27:00Z,2019-04-11T12:07:00Z,5.964979063568132
MIC,2019-04-11T12:10:00Z,2019-04-12T10:41:00Z,6.940984031299327
MIC,2019-04-12T10:43:00Z,2019-04-13T14:59:00Z,10.73755413494212
MIC,2019-04-13T15:02:00Z,2019-04-14T15:48:00Z,7.6857560423217315
MIC,2019-04-14T15:50:00Z,2019-04-15T12:04:00Z,3.36317332472999
NID,2019-04-01T09:40:00Z,2019-04-02T09:51:00Z,3.747502242952311
NID,2019-04-02T09:55:00Z,2019-04-04T09:30:00Z,7.163449101171081
NID,2019-04-04T09:35:00Z,2019-04-05T09:19:00Z,6.683480633961265
NID,2019-04-05T09:25:00Z,2019-04-06T10:24:00Z,4.20915530988686
NID,2019-04-06T10:29:00Z,2019-04-07T09:55:00Z,2.1194215574111275
NID,2019-04-07T10:00:00Z,2019-04-08T09:28:00Z,3.447463129070829
NID,2019-04-08T09:32:00Z,2019-04-09T09:22:00Z,5.997079286979069
NID,2019-04-09T09:25:00Z,2019-04-10T10:22:00Z,6.678701317977228
NID,2019-04-10T10:25:00Z,2019-04-11T09:27:00Z,2.8199635399667233
NID,2019-04-11T09:31:00Z,2019-04-12T09:07:00Z,3.1029497344849744
MIC,2019-04-15T12:06:00Z,2019-04-16T12:22:00Z,10.610578445941725
MIC,2019-04-16T12:24:00Z,2019-04-17T12:13:00Z,4.088735500559314
MIC,2019-04-17T15:27:00Z,2019-04-18T12:03:00Z,4.566356170855278
MIC,2019-04-18T12:06:00Z,2019-04-19T10:29:00Z,6.582092524305412
MIC,2019-04-19T10:32:00Z,2019-04-20T10:41:00Z,8.295260859477366
MIC,2019-04-20T10:43:00Z,2019-04-21T08:54:00Z,11.633899893831604
MIC,2019-04-21T08:56:00Z,2019-04-22T14:49:00Z,5.403957600115908
MIC,2019-04-22T14:51:00Z,2019-04-23T14:42:00Z,1.126760976924978
MIC,2019-04-23T14:49:00Z,2019-04-24T11:53:00Z,1.5819982333157128
MIC,2019-04-24T11:55:00Z,2019-04-25T12:00:00Z,4.932086969991882
NID,2019-04-12T09:25:00Z,2019-04-15T09:22:00Z,6.14952237251284
NID,2019-05-26T09:30:00Z,2019-05-27T10:57:00Z,6.759204873556645
NID,2019-05-27T11:02:00Z,2019-05-28T10:55:00Z,14.289220707929426
NID,2019-05-28T11:00:00Z,2019-05-29T09:45:00Z,3.47968373918109
NID,2019-05-29T09:50:00Z,2019-05-30T09:58:00Z,4.670791831153706
NID,2019-05-30T10:03:00Z,2019-06-01T10:36:00Z,2.7347646341953324
NID,2019-06-01T10:40:00Z,2019-06-02T15:28:00Z,2.833004135085607
NID,2019-06-02T15:33:00Z,2019-06-03T12:00:00Z,3.4723046449466257
NID,2019-06-03T12:02:00Z,2019-06-04T11:45:00Z,1.5357975784530575
NID,2019-06-04T11:49:00Z,2019-06-05T11:39:00Z,6.810713672467153
NID,2019-06-05T11:42:00Z,2019-06-06T10:31:00Z,4.387380865418727
NID,2019-04-15T09:27:00Z,2019-04-16T09:47:00Z,6.404697513078843
NID,2019-04-16T09:52:00Z,2019-04-17T08:52:00Z,5.428682964912133
NID,2019-04-17T08:57:00Z,2019-04-18T12:00:00Z,6.473562130065283
NID,2019-04-18T12:05:00Z,2019-04-19T10:02:00Z,6.69069291253613
NID,2019-04-19T10:07:00Z,2019-04-20T09:51:00Z,5.918236212492384
NID,2019-04-20T09:53:00Z,2019-04-21T10:52:00Z,5.7770347684310135
NID,2019-04-21T10:57:00Z,2019-04-22T12:13:00Z,4.056016226958794
NID,2019-04-22T12:16:00Z,2019-04-23T11:04:00Z,3.010222195424692
NID,2019-04-23T11:09:00Z,2019-04-24T11:00:00Z,2.7922790044074506
NID,2019-04-24T11:00:00Z,2019-04-25T11:25:00Z,3.04913014762909
NID,2019-04-25T11:30:00Z,2019-04-26T10:20:00Z,5.462688467593435
MIC,2019-04-25T12:02:00Z,2019-04-26T14:41:00Z,9.80589720426888
MIC,2019-04-26T14:43:00Z,2019-04-27T08:28:00Z,11.410124350164802
MIC,2019-04-27T08:32:00Z,2019-04-28T07:57:00Z,8.088480457596214
MIC,2019-04-28T08:01:00Z,2019-04-29T09:33:00Z,5.208113998144866
MIC,2019-04-29T09:35:00Z,2019-04-30T12:29:00Z,5.42854192482238
MIC,2019-04-30T12:33:00Z,2019-05-01T08:16:00Z,7.087059927833315
MIC,2019-05-01T08:18:00Z,2019-05-02T14:00:00Z,9.519037296813108
MIC,2019-05-02T14:02:00Z,2019-05-03T12:24:00Z,12.814166546287831
MIC,2019-05-03T12:26:00Z,2019-05-04T08:05:00Z,12.386255353456528
MIC,2019-05-04T08:07:00Z,2019-05-05T07:09:00Z,15.90588706487
MIC,2019-05-05T07:11:00Z,2019-05-06T12:01:00Z,17.24904281094999
NID,2019-04-26T10:26:00Z,2019-04-27T12:32:00Z,9.03838669051991
NID,2019-04-27T12:38:00Z,2019-04-28T11:41:00Z,4.263267447485584
NID,2019-04-28T11:47:00Z,2019-04-29T11:16:00Z,5.714244986360656
NID,2019-04-29T11:22:00Z,2019-04-30T09:36:00Z,4.888922861857026
NID,2019-04-30T09:42:00Z,2019-05-03T09:37:00Z,8.798573632132143
NID,2019-05-03T09:42:00Z,2019-05-04T12:22:00Z,7.812499999997625
NID,2019-05-04T12:27:00Z,2019-05-05T08:56:00Z,16.570341137825864
NID,2019-05-05T08:58:00Z,2019-05-07T09:54:00Z,3.465333629685041
NID,2019-05-07T10:00:00Z,2019-05-08T12:08:00Z,2.8794166920477253
NID,2019-05-08T12:13:00Z,2019-05-09T09:12:00Z,2.246997880527878
NID,2019-05-09T09:16:00Z,2019-05-10T11:32:00Z,3.120178224018776
MIC,2019-05-06T12:03:00Z,2019-05-07T12:13:00Z,7.085228785403577
MIC,2019-05-07T12:16:00Z,2019-05-08T12:22:00Z,1.5937392402784258
MIC,2019-05-08T12:24:00Z,2019-05-09T11:48:00Z,6.380733064668401
MIC,2019-05-11T07:25:00Z,2019-05-12T07:02:00Z,5.840204055840076
MIC,2019-05-12T07:25:00Z,2019-05-13T14:56:00Z,3.215825992488467
MIC,2019-05-13T15:00:00Z,2019-05-14T12:25:00Z,1.9211650766662025
MIC,2019-05-14T12:27:00Z,2019-05-15T12:04:00Z,3.0777882112303385
NID,2019-05-10T11:36:00Z,2019-05-11T11:08:00Z,4.9183708489225735
NID,2019-05-11T11:12:00Z,2019-05-12T11:51:00Z,2.951567963928151
NID,2019-05-12T11:55:00Z,2019-05-15T11:50:00Z,1.1591585828980877
NID,2019-05-15T11:55:00Z,2019-05-17T11:31:00Z,4.45604639591027
NID,2019-05-17T11:36:00Z,2019-05-18T13:11:00Z,2.4670956807266324
NID,2019-05-18T13:15:00Z,2019-05-20T10:42:00Z,2.787967096629134
NID,2019-05-20T10:47:00Z,2019-05-21T11:36:00Z,4.783406366856897
NID,2019-05-21T11:40:00Z,2019-05-22T12:06:00Z,8.871707367656123
NID,2019-05-22T12:10:00Z,2019-05-24T12:03:00Z,8.877342169008577
NID,2019-05-24T12:07:00Z,2019-05-25T09:52:00Z,4.280521521898305
NID,2019-05-25T09:54:00Z,2019-05-26T09:28:00Z,2.1427369435298247
NID,2019-06-06T10:37:00Z,2019-06-07T11:54:00Z,0
NID,2019-06-07T11:57:00Z,2019-06-08T09:58:00Z,12.325848111421491
NID,2019-06-08T09:01:00Z,2019-06-09T11:52:00Z,10.79117779190056
NID,2019-06-09T11:56:00Z,2019-06-10T10:45:00Z,0.10721716802569506
NID,2019-06-10T10:47:00Z,2019-06-11T11:44:00Z,13.339712311343504
NID,2019-06-11T11:46:00Z,2019-06-12T12:06:00Z,14.980722214264476
NID,2019-06-12T12:10:00Z,2019-06-13T11:05:00Z,21.27608539217723
NID,2019-06-13T11:07:00Z,2019-06-14T11:44:00Z,14.581270505438855
NID,2019-06-15T11:39:00Z,2019-06-17T10:47:00Z,13.718042768690092
MIC,2019-05-21T12:26:00Z,2019-05-22T12:13:00Z,5.159776976312026
MIC,2019-05-22T12:15:00Z,2019-05-23T16:46:00Z,15.1763335937914
MIC,2019-05-23T16:49:00Z,2019-05-24T16:36:00Z,5.265439171619809
MIC,2019-05-24T16:38:00Z,2019-05-25T15:55:00Z,1.6652031673906358
MIC,2019-05-26T08:18:00Z,2019-05-27T13:38:00Z,8.90190206456608
MIC,2019-05-27T13:40:00Z,2019-05-28T12:30:00Z,2.2381159196916793
MIC,2019-05-28T12:35:00Z,2019-05-29T17:20:00Z,4.566257541083583
MIC,2019-05-20T12:17:00Z,2019-05-21T12:24:00Z,10.071131981225411
MIC,2019-05-19T10:32:00Z,2019-05-20T12:14:00Z,1.9513737896398344
MIC,2019-05-18T09:43:00Z,2019-05-19T10:30:00Z,3.609538340646422
MIC,2019-05-15T12:06:00Z,2019-05-18T09:40:00Z,2.9592220141955776
MIC,2019-05-29T17:24:00Z,2019-05-30T12:04:00Z,3.308305443011966
MIC,2019-05-30T12:06:00Z,2019-05-31T12:27:00Z,2.9236790754129114
MIC,2019-05-31T12:30:00Z,2019-06-01T14:31:00Z,2.2475532412514654
MIC,2019-06-01T14:35:00Z,2019-06-02T13:04:00Z,2.477503095242033
MIC,2019-06-02T13:06:00Z,2019-06-03T11:59:00Z,1.8401187551667697
MIC,2019-06-03T12:02:00Z,2019-06-04T12:59:00Z,4.775322773605121
MIC,2019-06-04T13:02:00Z,2019-06-05T11:53:00Z,3.940274545669479
MIC,2019-06-05T11:56:00Z,2019-06-06T11:57:00Z,6.536972936859689
MIC,2019-06-06T11:59:00Z,2019-06-07T14:46:00Z,6.316627830748624
MIC,2019-06-07T14:48:00Z,2019-06-08T10:40:00Z,4.507598150012727
MIC,2019-06-08T10:42:00Z,2019-06-09T08:07:00Z,14.255461027205088
MIC,2019-06-09T08:13:00Z,2019-06-10T11:26:00Z,9.769248940964864
MIC,2019-06-10T11:28:00Z,2019-06-11T12:37:00Z,6.887419444682119
MIC,2019-06-11T12:40:00Z,2019-06-12T09:08:00Z,4.729463415993585
MIC,2019-06-12T09:10:00Z,2019-06-13T11:56:00Z,16.81219820676124
MIC,2019-06-13T11:59:00Z,2019-06-14T10:49:00Z,12.975269637212936
MIC,2019-06-14T10:52:00Z,2019-06-15T12:28:00Z,7.803378204081653
MIC,2019-06-15T12:32:00Z,2019-06-16T15:07:00Z,11.7872244846119
MIC,2019-06-16T15:09:00Z,2019-06-17T11:45:00Z,12.387349424664585
MIC,2019-06-17T11:45:00Z,2019-06-18T12:20:00Z,19.425547996974046
MIC,2019-06-18T12:22:00Z,2019-06-19T12:58:00Z,7.951623805280055
NID,2019-06-19T11:21:00Z,2019-06-20T11:40:00Z,18.97096520506519
MIC,2019-06-24T15:15:00Z,2019-06-26T12:20:00Z,13.448754893742512
MIC,2019-06-19T13:00:00Z,2019-06-20T09:31:00Z,14.868555230997664
MIC,2019-06-21T12:58:00Z,2019-06-22T14:20:00Z,9.341235459902473
MIC,2019-06-22T14:22:00Z,2019-06-23T13:00:00Z,7.152690670583366
NID,2019-06-22T10:38:00Z,2019-06-23T10:39:00Z,5.531652401878343
NID,2019-06-23T10:41:00Z,2019-06-24T11:05:00Z,11.260522470230356
NID,2019-06-24T11:08:00Z,2019-06-25T10:35:00Z,8.668836820891556
NID,2019-06-25T10:37:00Z,2019-06-26T10:09:00Z,13.785304476633932
NID,2019-06-26T10:13:00Z,2019-06-27T16:25:00Z,32.87482050622378
NID,2019-06-28T11:14:00Z,2019-06-29T11:45:00Z,9.88801324929151
NID,2019-06-29T11:49:00Z,2019-06-30T12:06:00Z,6.6447111518983775
NID,2019-06-30T12:09:00Z,2019-07-01T11:07:00Z,3.4502075217042276
NID,2019-07-01T11:10:00Z,2019-07-02T09:46:00Z,0.5430576243435291
NID,2019-07-02T09:49:00Z,2019-07-03T11:42:00Z,7.0154214391149035
NID,2019-07-03T11:45:00Z,2019-07-04T11:02:00Z,1.7550517028716428
MIC,2019-06-26T12:22:00Z,2019-06-27T11:38:00Z,2.8797523124522537
MIC,2019-06-27T11:40:00Z,2019-06-28T13:58:00Z,6.317030489018334
MIC,2019-06-28T14:00:00Z,2019-06-29T11:50:00Z,0.5577271889547388
MIC,2019-06-29T11:52:00Z,2019-06-30T12:29:00Z,17.624664976514165
MIC,2019-06-30T12:31:00Z,2019-07-01T08:26:00Z,2.0265029441609888
MIC,2019-07-02T12:50:00Z,2019-07-03T08:05:00Z,2.214631246885826
MIC,2019-07-03T08:08:00Z,2019-07-04T08:05:00Z,5.745260629669074
MIC,2019-07-04T08:08:00Z,2019-07-05T11:15:00Z,6.583497723473581
MIC,2019-07-05T11:17:00Z,2019-07-06T10:07:00Z,1.5767766594285002
MIC,2019-07-06T10:15:00Z,2019-07-07T10:26:00Z,9.063843904619857
MIC,2019-07-07T10:28:00Z,2019-07-08T10:33:00Z,11.187699480660656
MIC,2019-07-08T10:35:00Z,2019-07-09T11:24:00Z,25.33114072251209
MIC,2019-07-09T11:36:00Z,2019-07-10T11:33:00Z,4.150212541184627
MIC,2019-07-10T11:35:00Z,2019-07-11T12:00:00Z,20.098018812949192
MIC,2019-07-11T12:02:00Z,2019-07-12T11:30:00Z,30.782072485413824
MIC,2019-07-12T11:32:00Z,2019-07-13T09:25:00Z,25.838696611876927
MIC,2019-07-13T09:43:00Z,2019-07-14T10:00:00Z,19.879868327290747
MIC,2019-07-14T10:02:00Z,2019-07-15T14:34:00Z,8.18558007018994
MIC,2019-07-15T14:37:00Z,2019-07-16T14:45:00Z,5.745216218076956
MIC,2019-07-16T14:47:00Z,2019-07-17T16:32:00Z,11.136392495201644
NID,2019-07-04T11:07:00Z,2019-07-06T11:20:00Z,0.25642375514972804
NID,2019-07-06T11:23:00Z,2019-07-09T10:38:00Z,0.00854372249898412
NID,2019-07-09T10:43:00Z,2019-07-10T12:13:00Z,19.58397097144387
NID,2019-07-10T12:16:00Z,2019-07-11T09:35:00Z,12.593640684896204
NID,2019-07-11T09:39:00Z,2019-07-12T11:31:00Z,3.580849157934354
NID,2019-07-12T11:34:00Z,2019-07-13T10:25:00Z,15.929742558195198
NID,2019-07-13T10:28:00Z,2019-07-14T09:31:00Z,16.403113213864824
NID,2019-07-14T09:33:00Z,2019-07-15T09:43:00Z,9.838391069745098
NID,2019-07-15T09:50:00Z,2019-07-16T14:09:00Z,8.893157900932573
NID,2019-07-16T14:12:00Z,2019-07-17T12:25:00Z,5.390511544274985
NID,2019-07-17T12:28:00Z,2019-07-18T12:07:00Z,3.6173683347587575
NID,2019-07-18T12:10:00Z,2019-07-20T09:42:00Z,4.018155419999014
NID,2019-07-20T09:45:00Z,2019-07-22T14:10:00Z,5.267387620327638
NID,2019-07-22T14:18:00Z,2019-07-23T14:08:00Z,8.51910520418544
NID,2019-07-23T14:17:00Z,2019-07-24T14:09:00Z,15.39267403151102
NID,2019-07-24T14:19:00Z,2019-07-25T14:10:00Z,3.055723563504269
NID,2019-07-25T14:27:00Z,2019-07-26T14:16:00Z,8.773593114448387
NID,2019-07-26T14:20:00Z,2019-07-27T14:15:00Z,7.033086008151537
NID,2019-07-27T14:21:00Z,2019-07-28T14:17:00Z,1.9488618646688949
NID,2019-07-28T14:24:00Z,2019-08-05T11:47:00Z,1.1155575897742305
NID,2019-08-05T11:52:00Z,2019-08-06T09:46:00Z,5.529792232355171
NID,2019-08-06T09:52:00Z,2019-08-07T11:54:00Z,10.704272512689778
NID,2019-08-07T11:57:00Z,2019-08-08T09:30:00Z,7.584310448536563
NID,2019-08-08T09:33:00Z,2019-08-09T11:18:00Z,18.275508639402048
NID,2019-08-09T11:21:00Z,2019-08-10T09:44:00Z,10.601876092086782
NID,2019-08-10T09:54:00Z,2019-08-11T10:26:00Z,4.415636310005281
NID,2019-08-11T10:29:00Z,2019-08-12T09:47:00Z,4.3050919302680875
NID,2019-08-12T09:50:00Z,2019-08-14T11:30:00Z,4.0475962447527785
MIC,2019-07-17T16:34:00Z,2019-07-18T16:45:00Z,7.530765165406941
MIC,2019-07-18T16:47:00Z,2019-07-19T16:14:00Z,5.779296360549142
MIC,2019-07-19T16:16:00Z,2019-07-20T16:46:00Z,0
MIC,2019-07-20T16:48:00Z,2019-07-21T11:52:00Z,14.162445896271027
MIC,2019-07-21T11:54:00Z,2019-07-22T16:31:00Z,9.453676460080931
MIC,2019-07-22T16:33:00Z,2019-07-23T16:36:00Z,13.826978869349274
MIC,2019-07-23T16:38:00Z,2019-07-25T15:26:00Z,10.836573221470635
MIC,2019-07-25T15:28:00Z,2019-07-26T07:22:00Z,6.402659376272869
MIC,2019-07-26T07:20:00Z,2019-07-27T17:23:00Z,7.6552768672182285
MIC,2019-07-28T07:13:00Z,2019-07-29T13:00:00Z,5.543178722638361
MIC,2019-07-29T13:03:00Z,2019-07-30T15:43:00Z,8.934113995482983
MIC,2019-07-30T15:45:00Z,2019-07-31T12:56:00Z,10.524700188347891
MIC,2019-07-31T12:58:00Z,2019-08-01T12:17:00Z,10.651467555103968
MIC,2019-08-01T12:19:00Z,2019-08-02T17:00:00Z,12.41888534494659
MIC,2019-08-02T17:02:00Z,2019-08-03T09:39:00Z,1.9453311679619465
MIC,2019-08-03T09:41:00Z,2019-08-04T12:57:00Z,6.308425994425605
MIC,2019-08-04T12:59:00Z,2019-08-05T13:52:00Z,6.174726401554224
MIC,2019-08-05T13:55:00Z,2019-08-06T12:55:00Z,2.348203860152317
MIC,2019-08-06T13:00:00Z,2019-08-07T14:32:00Z,8.784970092110775
MIC,2019-08-07T14:34:00Z,2019-08-08T12:14:00Z,16.355380122585924
MIC,2019-08-08T12:16:00Z,2019-08-09T18:12:00Z,15.358098200921429
MIC,2019-08-09T18:14:00Z,2019-08-10T11:45:00Z,13.31930500738313
MIC,2019-08-10T11:47:00Z,2019-08-12T12:05:00Z,7.498122756529807
MIC,2019-08-12T12:07:00Z,2019-08-13T10:30:00Z,15.868992358588558
MIC,2019-08-13T10:32:00Z,2019-08-14T11:42:00Z,6.651819726891704
MIC,2019-08-14T11:44:00Z,2019-08-15T15:05:00Z,4.898444901030886
MIC,2019-08-15T15:07:00Z,2019-08-16T10:56:00Z,6.04765060189436
MIC,2019-08-16T10:58:00Z,2019-08-17T11:44:00Z,8.420583454227833
MIC,2019-08-17T11:46:00Z,2019-08-18T07:10:00Z,16.189514256520678
MIC,2019-08-18T07:12:00Z,2019-08-19T16:11:00Z,7.8205203181279535
MIC,2019-08-19T16:13:00Z,2019-08-20T16:56:00Z,3.1713102601799954
MIC,2019-08-20T16:58:00Z,2019-08-21T12:09:00Z,2.7860312035454986
MIC,2019-08-21T12:11:00Z,2019-08-22T12:51:00Z,6.45094901851362
MIC,2019-08-22T12:53:00Z,2019-08-23T14:08:00Z,4.526208205574527
MIC,2019-08-23T14:15:00Z,2019-08-24T10:07:00Z,7.9907932351158255
MIC,2019-08-24T10:09:00Z,2019-08-25T16:44:00Z,5.034785621317075
MIC,2019-08-25T16:46:00Z,2019-08-26T12:19:00Z,5.5815209267865535
MIC,2019-08-26T12:21:00Z,2019-08-27T12:27:00Z,6.028733973044614
MIC,2019-08-27T12:29:00Z,2019-08-28T11:58:00Z,5.8346158855699946
MIC,2019-08-28T12:00:00Z,2019-08-29T13:34:00Z,7.0038450858856445
MIC,2019-08-29T13:36:00Z,2019-08-30T17:28:00Z,8.148060625548146
NID,2019-08-14T11:30:00Z,2019-08-15T11:30:00Z,3.4624032834506075
NID,2019-08-15T11:30:00Z,2019-08-16T11:46:00Z,6.336318366895319
NID,2019-08-16T11:49:00Z,2019-08-17T15:13:00Z,6.776779586996321
NID,2019-08-17T15:19:00Z,2019-08-18T15:27:00Z,8.9647681906361
NID,2019-08-18T15:32:00Z,2019-08-19T11:47:00Z,1.0468946800297156
NID,2019-08-19T11:50:00Z,2019-08-21T09:52:00Z,5.08071894874374
NID,2019-08-21T09:55:00Z,2019-08-23T09:20:00Z,5.232600954963257
NID,2019-08-23T09:23:00Z,2019-08-24T10:42:00Z,5.39986459085035
NID,2019-08-24T10:45:00Z,2019-08-25T15:19:00Z,2.9470395328093595
NID,2019-08-25T15:21:00Z,2019-08-26T11:17:00Z,2.776407088592214
NID,2019-08-26T11:20:00Z,2019-08-27T11:36:00Z,4.087813142386194
MIC,2019-09-08T11:05:00Z,2019-09-09T14:50:00Z,10.519703376844156
MIC,2019-09-07T10:17:00Z,2019-09-08T11:03:00Z,5.090243986607919
MIC,2019-09-06T14:46:00Z,2019-09-07T10:14:00Z,5.336877150834508
MIC,2019-09-05T11:50:00Z,2019-09-06T14:43:00Z,9.513413458423456
MIC,2019-09-04T08:53:00Z,2019-09-05T11:46:00Z,7.983369063171671
MIC,2019-09-03T12:23:00Z,2019-09-04T08:49:00Z,3.765120763785966
MIC,2019-09-02T12:45:00Z,2019-09-03T12:21:00Z,4.856280130378662
MIC,2019-09-01T12:00:00Z,2019-09-02T12:43:00Z,2.810200040312341
MIC,2019-08-30T17:30:00Z,2019-08-31T09:43:00Z,9.440826690384752
MIC,2019-08-31T09:45:00Z,2019-09-01T11:58:00Z,7.162126917369393
MIC,2019-09-09T14:55:00Z,2019-09-10T12:34:00Z,8.187761597576735
MIC,2019-09-10T12:37:00Z,2019-09-11T13:03:00Z,3.714507851283435
MIC,2019-09-11T13:05:00Z,2019-09-12T11:32:00Z,11.453917905977352
MIC,2019-09-12T11:34:00Z,2019-09-14T07:08:00Z,5.351063116937907
MIC,2019-09-14T07:10:00Z,2019-09-15T11:57:00Z,2.859979587072262
MIC,2019-09-15T12:00:00Z,2019-09-16T09:55:00Z,3.5204941735243063
MIC,2019-09-16T09:57:00Z,2019-09-17T12:26:00Z,9.144257095682674
MIC,2019-09-17T12:28:00Z,2019-09-18T11:58:00Z,5.019977336222475
MIC,2019-09-18T12:00:00Z,2019-09-20T08:23:00Z,5.501889279384009
MIC,2019-09-20T08:24:00Z,2019-09-21T15:39:00Z,7.906432748536082
MIC,2019-09-21T15:41:00Z,2019-09-22T08:02:00Z,1.1851880197120803
NID,2019-08-27T11:38:00Z,2019-08-29T13:01:00Z,5.152974971373221
NID,2019-08-29T13:05:00Z,2019-08-30T17:08:00Z,8.966812735192855
NID,2019-08-30T17:11:00Z,2019-08-31T11:55:00Z,2.8888142654494753
NID,2019-08-31T11:57:00Z,2019-09-01T10:24:00Z,4.325048868476202
NID,2019-09-01T10:27:00Z,2019-09-02T11:00:00Z,2.309405557339651
NID,2019-09-02T11:04:00Z,2019-09-03T11:36:00Z,2.363207511262925
NID,2019-09-03T11:40:00Z,2019-09-04T08:40:00Z,2.3107489808282273
NID,2019-09-04T08:43:00Z,2019-09-05T10:37:00Z,5.774382797034173
NID,2019-09-05T10:40:00Z,2019-09-06T09:27:00Z,5.557443857078298
NID,2019-09-07T16:51:00Z,2019-09-09T08:56:00Z,1.832160481084349
MIC,2019-09-22T08:06:00Z,2019-09-23T15:11:00Z,1.9942154545076771
MIC,2019-09-23T15:14:00Z,2019-09-24T13:00:00Z,3.6410848453244826
MIC,2019-09-24T13:02:00Z,2019-09-25T13:11:00Z,3.0597005140797577
MIC,2019-09-25T13:13:00Z,2019-09-26T16:26:00Z,1.312514813325818
MIC,2019-09-26T16:27:00Z,2019-09-27T10:31:00Z,5.099241639895251
MIC,2019-09-27T10:37:00Z,2019-09-28T13:58:00Z,5.910042577091572
MIC,2019-09-28T14:00:00Z,2019-09-29T09:09:00Z,2.905455683252407
MIC,2019-09-29T09:11:00Z,2019-09-30T15:44:00Z,4.940634819708441
MIC,2019-09-30T15:46:00Z,2019-10-01T12:35:00Z,6.991718586372317
MIC,2019-10-01T12:37:00Z,2019-10-02T12:12:00Z,9.653925084339788
NID,2019-09-23T09:09:00Z,2019-09-24T14:46:00Z,3.530080824924986
NID,2019-09-24T14:51:00Z,2019-09-26T11:31:00Z,3.2250960823958996
NID,2019-09-26T11:33:00Z,2019-09-27T11:22:00Z,2.8579129132649084
NID,2019-09-27T11:25:00Z,2019-09-28T10:55:00Z,4.280781917227282
NID,2019-09-28T10:58:00Z,2019-09-30T08:57:00Z,3.179545416877763
NID,2019-09-30T09:01:00Z,2019-10-01T09:50:00Z,4.365994124218944
NID,2019-10-01T09:53:00Z,2019-10-02T09:50:00Z,7.152813065666914
NID,2019-10-02T09:53:00Z,2019-10-03T09:25:00Z,11.074329710983774
NID,2019-10-03T09:28:00Z,2019-10-04T08:37:00Z,2.528493372701719
NID,2019-09-11T11:41:00Z,2019-09-12T09:27:00Z,8.73582789285344
NID,2019-09-12T09:31:00Z,2019-09-13T15:13:00Z,6.154328781641622
NID,2019-09-13T15:16:00Z,2019-09-14T10:52:00Z,2.150860344134653
NID,2019-09-14T10:55:00Z,2019-09-15T09:48:00Z,1.6428447771595422
NID,2019-09-15T09:52:00Z,2019-09-16T09:55:00Z,5.353126405755544
NID,2019-09-16T09:57:00Z,2019-09-17T12:02:00Z,5.4174653887093
NID,2019-09-17T12:05:00Z,2019-09-19T14:15:00Z,3.8710928780549025
NID,2019-09-19T14:27:00Z,2019-09-20T08:45:00Z,5.198144334891738
NID,2019-09-20T08:50:00Z,2019-09-21T13:38:00Z,5.193274837747577
NID,2019-09-21T13:42:00Z,2019-09-22T13:52:00Z,1.8728550416712533
NID,2019-09-22T13:57:00Z,2019-09-23T09:04:00Z,3.421125551655462
NID,2019-10-04T08:41:00Z,2019-10-05T07:35:00Z,2.1735315252940053
NID,2019-10-05T07:38:00Z,2019-10-06T13:56:00Z,4.140463797621714
NID,2019-10-06T13:59:00Z,2019-10-08T10:50:00Z,2.081665274040483
NID,2019-10-08T10:53:00Z,2019-10-09T13:45:00Z,3.2386523340424604
NID,2019-10-09T13:48:00Z,2019-10-10T09:25:00Z,3.996318879814995
NID,2019-10-10T14:40:00Z,2019-10-11T13:55:00Z,2.8768766265617174
NID,2019-10-11T13:59:00Z,2019-10-17T09:32:00Z,5.024715717932498
NID,2019-10-17T09:32:00Z,2019-10-18T11:24:00Z,2.5955592062097304
NID,2019-10-18T16:12:00Z,2019-10-19T13:56:00Z,2.4995159787489256
MIC,2019-11-16T16:38:00Z,2019-11-17T11:37:00Z,3.8472118076594928
MIC,2019-11-17T11:39:00Z,2019-11-18T10:09:00Z,6.197967879381602
MIC,2019-11-18T10:11:00Z,2019-11-19T12:30:00Z,5.194104115511146
MIC,2019-11-19T12:32:00Z,2019-11-20T07:48:00Z,6.7062615265783885
MIC,2019-11-20T07:51:00Z,2019-11-21T13:05:00Z,4.3498643128045025
MIC,2019-11-21T13:08:00Z,2019-11-22T10:46:00Z,3.0792660860838663
MIC,2019-11-22T10:48:00Z,2019-11-23T10:46:00Z,3.6962010645333887
MIC,2019-11-23T10:48:00Z,2019-11-24T12:17:00Z,3.298554911807888
MIC,2019-11-24T12:20:00Z,2019-11-25T10:03:00Z,5.912982544908118
MIC,2019-11-25T10:05:00Z,2019-11-26T13:03:00Z,6.075172824243903
MIC,2019-11-26T13:05:00Z,2019-11-28T12:38:00Z,4.749686325098318
NID,2019-11-03T09:30:00Z,2019-11-04T14:10:00Z,0.4715363511639731
NID,2019-11-05T14:20:00Z,2019-11-06T14:29:00Z,0.843024598728518
NID,2019-11-06T14:44:00Z,2019-11-07T14:45:00Z,4.255909035964074
NID,2019-11-07T14:50:00Z,2019-11-08T15:16:00Z,0.5024551289384358
NID,2019-11-08T15:23:00Z,2019-11-09T15:00:00Z,2.850404101079031
NID,2019-11-09T15:00:00Z,2019-11-11T09:06:00Z,2.082643931267995
NID,2019-11-11T09:13:00Z,2019-11-12T09:28:00Z,1.0019408665828955
NID,2019-11-12T09:33:00Z,2019-11-13T09:22:00Z,9.868305231698177
NID,2019-11-13T09:28:00Z,2019-11-14T11:44:00Z,4.153524812033895
NID,2019-11-14T11:49:00Z,2019-11-17T09:08:00Z,1.7379617982059798
NID,2019-11-02T11:25:00Z,2019-11-03T09:20:00Z,5.8589133851057555
MIC,2019-10-02T12:15:00Z,2019-10-03T11:45:00Z,12.910386727418953
MIC,2019-10-03T11:47:00Z,2019-10-04T09:28:00Z,3.6533136686448113
MIC,2019-10-04T09:33:00Z,2019-10-05T12:56:00Z,5.257417530383162
MIC,2019-10-05T12:58:00Z,2019-10-06T12:28:00Z,3.9809982604016376
MIC,2019-10-06T12:30:00Z,2019-10-07T12:11:00Z,2.585053850946656
MIC,2019-10-07T12:11:00Z,2019-10-08T10:25:00Z,2.4259342721251427
MIC,2019-10-08T10:28:00Z,2019-10-09T13:10:00Z,6.058344177359856
MIC,2019-10-09T13:12:00Z,2019-10-10T08:28:00Z,4.585075451746342
MIC,2019-10-10T08:30:00Z,2019-10-11T12:50:00Z,6.12233292388656
MIC,2019-10-11T12:53:00Z,2019-10-12T13:46:00Z,6.533024001590625
MIC,2019-10-12T13:48:00Z,2019-10-13T12:57:00Z,12.11260651728898
MIC,2019-10-13T13:00:00Z,2019-10-14T08:16:00Z,10.384459642123511
MIC,2019-10-14T08:18:00Z,2019-10-15T12:20:00Z,6.130146990195822
MIC,2019-10-15T12:22:00Z,2019-10-16T08:31:00Z,2.497231783129145
MIC,2019-10-16T08:33:00Z,2019-10-17T12:57:00Z,4.637722344008945
MIC,2019-10-17T12:59:00Z,2019-10-18T08:02:00Z,6.274695279394031
MIC,2019-10-18T08:05:00Z,2019-10-19T08:15:00Z,12.31107350210138
MIC,2019-10-19T08:17:00Z,2019-10-20T08:35:00Z,5.7583147432232495
MIC,2019-10-20T08:37:00Z,2019-10-21T13:48:00Z,6.8510701451928595
MIC,2019-10-21T13:46:00Z,2019-10-23T12:23:00Z,4.334372772749121
MIC,2019-10-23T12:26:00Z,2019-10-24T15:06:00Z,6.629683123247157
MIC,2019-10-24T15:08:00Z,2019-10-26T10:56:00Z,4.883707668758707
MIC,2019-10-26T10:58:00Z,2019-10-27T14:24:00Z,5.002376540685881
MIC,2019-10-27T14:26:00Z,2019-10-28T08:06:00Z,5.159461997308033
MIC,2019-10-28T08:08:00Z,2019-10-29T12:22:00Z,7.467362101362317
MIC,2019-10-29T12:24:00Z,2019-10-30T11:01:00Z,8.973017173981951
MIC,2019-10-30T11:03:00Z,2019-10-31T12:05:00Z,8.442849147993474
MIC,2019-10-31T12:08:00Z,2019-11-01T08:10:00Z,8.645451106137132
MIC,2019-11-01T08:12:00Z,2019-11-02T18:41:00Z,5.228406424377475
MIC,2019-11-03T09:43:00Z,2019-11-05T12:26:00Z,5.304444755094086
NID,2019-10-19T13:56:00Z,2019-10-21T10:25:00Z,1.4406254176705868
NID,2019-10-21T10:25:00Z,2019-10-22T11:44:00Z,5.568328583187763
NID,2019-10-22T11:44:00Z,2019-10-23T12:02:00Z,0
NID,2019-10-23T12:02:00Z,2019-10-24T12:44:00Z,4.187291993071744
NID,2019-10-24T12:44:00Z,2019-10-26T10:43:00Z,2.3212903785563483
NID,2019-10-26T10:43:00Z,2019-10-27T09:04:00Z,7.257839029007302
NID,2019-10-27T09:04:00Z,2019-10-28T11:19:00Z,4.7548657304731305
NID,2019-10-28T11:37:00Z,2019-10-30T09:45:00Z,6.668338623381551
NID,2019-10-30T09:49:00Z,2019-10-31T09:11:00Z,7.826433921194689
NID,2019-10-31T09:16:00Z,2019-11-02T11:20:00Z,3.3697641848082074
MIC,2019-11-05T12:30:00Z,2019-11-06T12:59:00Z,5.127630108220989
MIC,2019-11-06T13:03:00Z,2019-11-07T09:19:00Z,3.237158364388758
MIC,2019-11-07T09:21:00Z,2019-11-08T11:05:00Z,4.235120350772844
MIC,2019-11-08T11:07:00Z,2019-11-09T14:42:00Z,4.382431405803791
MIC,2019-11-09T14:44:00Z,2019-11-10T10:07:00Z,3.4326282002198685
MIC,2019-11-10T10:09:00Z,2019-11-12T16:23:00Z,1.710628205527993
MIC,2019-11-13T08:09:00Z,2019-11-14T11:56:00Z,1.532692626051209
MIC,2019-11-14T11:59:00Z,2019-11-15T12:28:00Z,4.954668100541088
MIC,2019-11-15T12:30:00Z,2019-11-16T16:36:00Z,4.2754476884588115
NID,2019-11-17T09:15:00Z,2019-11-18T14:50:00Z,0.8728285758644538
NID,2019-11-18T14:57:00Z,2019-11-19T14:48:00Z,0
NID,2019-11-19T14:56:00Z,2019-11-20T15:11:00Z,3.554969498385658
NID,2019-11-20T15:16:00Z,2019-11-21T15:05:00Z,1.2789645634747229
NID,2019-11-21T15:09:00Z,2019-11-22T15:43:00Z,4.526977087949954
NID,2019-11-22T15:46:00Z,2019-11-24T11:00:00Z,1.0499342373788825
NID,2019-11-23T14:05:00Z,2019-11-25T14:00:00Z,1.678431372547636
NID,2019-11-24T11:07:00Z,2019-11-25T11:00:00Z,3.2962522063927606
NID,2019-11-25T11:03:00Z,2019-11-26T14:15:00Z,4.0645424836577595
NID,2019-11-26T14:20:00Z,2019-11-27T15:15:00Z,0.05030175201937374
NID,2019-11-27T15:22:00Z,2019-11-28T15:16:00Z,5.082888207184346
NID,2019-11-28T15:20:00Z,2019-11-29T15:48:00Z,5.419145046992468
NID,2019-11-29T15:55:00Z,2019-11-30T15:28:00Z,5.082909829609245
NID,2019-11-30T15:42:00Z,2019-12-02T08:29:00Z,1.7073364728195626
NID,2019-12-02T08:33:00Z,2019-12-03T13:19:00Z,3.4454358682998993
NID,2019-12-03T13:22:00Z,2019-12-04T15:39:00Z,0.6393768283409313
NID,2019-12-04T15:45:00Z,2019-12-05T15:53:00Z,0.4008700069828004
NID,2019-12-05T15:55:00Z,2019-12-06T15:16:00Z,6.883073521540775
NID,2019-12-06T15:23:00Z,2019-12-07T17:09:00Z,4.224165482302346
NID,2019-12-09T15:44:00Z,2019-12-10T15:19:00Z,3.219570357376634
NID,2019-12-10T15:25:00Z,2019-12-11T15:31:00Z,2.313050623657976
NID,2019-12-11T15:41:00Z,2019-12-12T15:40:00Z,7.469978957528376
NID,2019-12-12T15:37:00Z,2019-12-13T16:07:00Z,4.751713419447368
NID,2019-12-13T16:10:00Z,2019-12-15T14:50:00Z,1.439417699021225
NID,2019-12-15T14:52:00Z,2019-12-19T11:15:00Z,3.396644898845896
NID,2019-12-19T11:17:00Z,2019-12-20T10:24:00Z,1.8821767234048152
NID,2019-12-20T10:27:00Z,2019-12-21T10:36:00Z,2.473859208504392
NID,2019-12-21T10:38:00Z,2019-12-23T09:56:00Z,0
MIC,2019-12-23T11:00:00Z,2019-12-24T15:00:00Z,3.877039724235913
MIC,2019-11-28T12:40:00Z,2019-11-29T15:19:00Z,6.030422335428693
MIC,2019-11-29T15:22:00Z,2019-11-30T07:40:00Z,4.504166018099533
MIC,2019-11-30T07:42:00Z,2019-12-01T12:49:00Z,5.537516484219903
MIC,2019-12-01T12:52:00Z,2019-12-02T11:13:00Z,5.552136351348744
MIC,2019-12-02T11:15:00Z,2019-12-03T11:33:00Z,5.195533840342713
MIC,2019-12-04T12:47:00Z,2019-12-05T12:57:00Z,6.850245423391882
MIC,2019-12-05T13:00:00Z,2019-12-06T16:06:00Z,7.984048450348132
MIC,2019-12-06T16:08:00Z,2019-12-07T08:54:00Z,2.8267055349812447
MIC,2019-12-07T08:56:00Z,2019-12-08T10:44:00Z,8.217577937535461
MIC,2019-12-08T10:44:00Z,2019-12-10T08:28:00Z,6.114461744927115
MIC,2019-12-12T13:57:00Z,2019-12-13T16:08:00Z,7.244203161269513
MIC,2019-12-13T16:10:00Z,2019-12-14T15:25:00Z,3.381166034911825
MIC,2019-12-14T15:27:00Z,2019-12-15T11:06:00Z,3.4127885808094067
MIC,2019-12-15T11:09:00Z,2019-12-16T16:58:00Z,6.8813172713152015
MIC,2019-12-16T17:01:00Z,2019-12-18T08:24:00Z,1.4874274629043205
MIC,2019-12-18T08:26:00Z,2019-12-19T12:51:00Z,1.4490785996144115
MIC,2019-12-19T12:53:00Z,2019-12-20T10:49:00Z,3.5830231260777192
MIC,2019-12-20T10:51:00Z,2019-12-22T12:17:00Z,5.04470055704491
MIC,2019-12-22T12:19:00Z,2019-12-23T08:30:00Z,5.394168710532129
MIC,2019-12-24T15:03:00Z,2019-12-25T18:04:00Z,5.700726816438299
MIC,2019-12-26T08:32:00Z,2019-12-27T12:52:00Z,13.465422632132174
MIC,2019-12-27T12:55:00Z,2019-12-28T08:57:00Z,0.8317060300708977
MIC,2019-12-28T08:59:00Z,2019-12-29T09:54:00Z,3.4929877265857727
MIC,2019-12-29T09:56:00Z,2019-12-30T10:11:00Z,3.274429143566985
MIC,2019-12-30T10:25:00Z,2019-12-31T09:11:00Z,3.407886100871248
MIC,2019-12-31T09:13:00Z,2020-01-01T09:29:00Z,2.6918068910236865
MIC,2020-01-01T09:31:00Z,2020-01-02T09:22:00Z,3.0129715053673376
MIC,2020-01-02T09:24:00Z,2020-01-03T09:11:00Z,1.880843480743782
MIC,2020-01-03T09:13:00Z,2020-01-04T09:43:00Z,0.8549708218034169
MIC,2020-01-04T09:45:00Z,2020-01-05T09:15:00Z,1.0399771014195105
MIC,2020-01-05T09:15:00Z,2020-01-06T08:07:00Z,9.926449754336971
MIC,2020-01-06T08:10:00Z,2020-01-07T14:09:00Z,6.7467444974889705
MIC,2020-01-07T14:11:00Z,2020-01-08T16:04:00Z,6.834792251865234
MIC,2020-01-08T16:06:00Z,2020-01-09T16:21:00Z,8.27491408934506
MIC,2020-01-10T08:23:00Z,2020-01-11T06:58:00Z,7.616698507408403
MIC,2020-01-11T07:00:00Z,2020-01-12T09:22:00Z,12.8954837844709
MIC,2020-01-12T09:24:00Z,2020-01-13T15:20:00Z,3.728766767038285
MIC,2020-01-13T15:22:00Z,2020-01-14T14:15:00Z,4.809191214992909
MIC,2020-01-14T14:17:00Z,2020-01-15T17:27:00Z,9.022067035053109
MIC,2020-01-15T17:30:00Z,2020-01-16T12:37:00Z,7.559766897625109
MIC,2020-01-16T12:39:00Z,2020-01-17T08:15:00Z,5.339082535666643
MIC,2020-01-17T08:17:00Z,2020-01-18T07:13:00Z,3.632647135629344
MIC,2020-01-09T16:23:00Z,2020-01-10T08:21:00Z,5.376942704705712
NID,2020-01-24T09:11:00Z,2020-01-25T09:49:00Z,5.341118466439507
NID,2020-01-14T09:35:00Z,2020-01-24T09:09:00Z,3.1091745629456495
NID,2020-01-13T10:05:00Z,2020-01-14T09:30:00Z,7.397693442541489
NID,2020-01-11T15:09:00Z,2020-01-12T10:19:00Z,5.260922652223436
NID,2020-01-10T09:54:00Z,2020-01-11T15:07:00Z,0
NID,2020-01-09T14:57:00Z,2020-01-10T09:44:00Z,2.401881052104101
NID,2020-01-05T09:54:00Z,2020-01-09T14:55:00Z,0.2648769923490148
MIC,2020-07-20T17:16:00Z,2020-07-21T17:42:00Z,11.811760714028704
MIC,2020-07-22T08:27:00Z,2020-07-23T08:29:00Z,15.805432657412538
MIC,2020-07-23T08:31:00Z,2020-07-24T17:23:00Z,17.648083266742496
MIC,2020-07-24T17:30:00Z,2020-07-25T12:28:00Z,14.15739113454076
NID,2020-01-25T09:51:00Z,2020-01-26T09:24:00Z,7.068655054721428
NID,2020-01-26T09:26:00Z,2020-01-27T09:43:00Z,3.3128619264482495
NID,2020-01-27T09:45:00Z,2020-01-28T09:22:00Z,8.696344879774577
NID,2020-02-01T10:35:00Z,2020-02-07T11:09:00Z,0.4819065810905993
NID,2020-02-07T11:11:00Z,2020-02-08T10:19:00Z,0.8672216885438783
NID,2020-02-08T10:21:00Z,2020-02-18T15:53:00Z,0.46148045394738735
MIC,2020-05-26T16:42:00Z,2020-05-27T14:45:00Z,9.350653841781158
MIC,2020-05-27T14:48:00Z,2020-05-28T11:22:00Z,10.395007636712576
MIC,2020-05-28T11:24:00Z,2020-05-29T11:56:00Z,12.394217142938356
MIC,2020-05-29T12:00:00Z,2020-05-30T14:08:00Z,9.962217185611298
MIC,2020-05-30T14:10:00Z,2020-05-31T10:20:00Z,24.258099373658343
MIC,2020-05-31T10:22:00Z,2020-06-01T07:35:00Z,15.813049906775465
MIC,2020-06-01T07:40:00Z,2020-06-03T15:51:00Z,2.798761678325123
MIC,2020-06-03T15:55:00Z,2020-06-04T14:49:00Z,2.994968734072633
MIC,2020-06-04T14:51:00Z,2020-06-06T12:21:00Z,4.026615137725013
MIC,2020-06-06T12:23:00Z,2020-06-07T15:57:00Z,5.527581760682716
MIC,2020-01-18T07:16:00Z,2020-01-19T11:23:00Z,4.77595322876337
MIC,2020-01-19T11:25:00Z,2020-01-20T15:01:00Z,3.06111054209662
MIC,2020-01-20T15:01:00Z,2020-01-21T11:17:00Z,2.730538705947977
MIC,2020-01-21T11:19:00Z,2020-01-22T13:51:00Z,6.019215208542321
MIC,2020-01-22T13:53:00Z,2020-01-23T14:26:00Z,0.961126916952616
MIC,2020-01-23T14:29:00Z,2020-01-24T14:28:00Z,1.7475975673422124
